timabil,dags,heima,gestir,stig_heima,stig_gestir
2025,2024-09-20T18:00:00Z,Víkingur,Þór,32,31
2025,2024-09-21T13:30:00Z,Fram 2,Hörður,32,31
2025,2024-09-21T14:00:00Z,Selfoss,Haukar 2,34,27
2025,2024-09-21T16:45:00Z,Valur 2,HBH,34,27
2025,2024-09-27T18:00:00Z,Þór,Valur 2,32,27
2025,2024-09-27T18:00:00Z,Hörður,Selfoss,34,31
2025,2024-09-27T19:30:00Z,HK 2,Víkingur,22,29
2025,2024-09-29T16:00:00Z,HBH,Fram 2,38,42
2025,2024-10-05T14:00:00Z,Selfoss,HBH,10,0
2025,2024-10-05T15:30:00Z,Fram 2,Þór,33,34
2025,2024-10-05T18:30:00Z,Valur 2,HK 2,32,26
2025,2024-10-05T19:30:00Z,Haukar 2,Hörður,28,31
2025,2024-10-12T13:00:00Z,Fram 2,HK 2,34,31
2025,2024-10-12T16:15:00Z,HBH,Haukar 2,43,40
2025,2024-10-12T18:00:00Z,Víkingur,Valur 2,29,21
2025,2024-10-14T19:00:00Z,Þór,Selfoss,34,26
2025,2024-10-18T19:30:00Z,Hörður,HBH,41,29
2025,2024-10-18T19:30:00Z,Haukar 2,Þór,29,35
2025,2024-10-19T14:00:00Z,Selfoss,HK 2,37,27
2025,2024-10-20T16:00:00Z,Fram 2,Víkingur,35,32
2025,2024-10-25T19:30:00Z,Víkingur,Selfoss,26,31
2025,2024-10-26T16:00:00Z,Þór,Hörður,33,19
2025,2024-11-01T19:30:00Z,HK 2,Haukar 2,31,35
2025,2024-11-02T16:45:00Z,Valur 2,Fram 2,29,23
2025,2024-11-15T20:00:00Z,Haukar 2,Víkingur,30,32
2025,2024-11-16T19:30:00Z,Selfoss,Valur 2,35,31
2025,2024-11-23T14:30:00Z,HK 2,HBH,32,26
2025,2024-11-23T15:00:00Z,Fram 2,Selfoss,31,37
2025,2024-11-23T16:00:00Z,Víkingur,Hörður,30,22
2025,2024-11-23T16:45:00Z,Valur 2,Haukar 2,29,30
2025,2024-11-26T19:30:00Z,Hörður,HK 2,10,0
2025,2024-11-29T17:15:00Z,HK 2,Þór,29,37
2025,2024-11-29T19:00:00Z,HBH,Víkingur,26,37
2025,2024-11-29T19:30:00Z,Hörður,Valur 2,26,29
2025,2024-12-06T19:30:00Z,Hörður,Fram 2,36,26
2025,2024-12-06T20:15:00Z,Haukar 2,Selfoss,24,26
2025,2024-12-07T15:45:00Z,HBH,Valur 2,24,30
2025,2024-12-07T16:00:00Z,Þór,Víkingur,32,26
2025,2024-12-10T20:15:00Z,Haukar 2,Fram 2,29,30
2025,2024-12-13T19:30:00Z,Víkingur,HK 2,35,30
2025,2024-12-14T14:00:00Z,Selfoss,Hörður,25,24
2025,2024-12-14T15:00:00Z,Valur 2,Þór,29,37
2025,2025-01-26T13:30:00Z,Fram 2,HBH,38,27
2025,2025-01-30T18:00:00Z,Þór,Fram 2,35,23
2025,2025-02-01T13:00:00Z,HBH,Selfoss,30,42
2025,2025-02-01T14:30:00Z,HK 2,Valur 2,21,30
2025,2025-02-01T18:00:00Z,Hörður,Haukar 2,32,31
2025,2025-02-08T14:00:00Z,Selfoss,Þór,34,28
2025,2025-02-08T18:45:00Z,Valur 2,Víkingur,24,36
2025,2025-02-09T18:30:00Z,HK 2,Fram 2,33,25
2025,2025-02-12T20:15:00Z,Haukar 2,HBH,43,38
2025,2025-02-14T20:00:00Z,Víkingur,Fram 2,NA,NA
2025,2025-02-15T13:30:00Z,HBH,Hörður,NA,NA
2025,2025-02-15T14:30:00Z,HK 2,Selfoss,NA,NA
2025,2025-02-15T15:00:00Z,Þór,Haukar 2,NA,NA
2025,2025-02-21T19:30:00Z,Selfoss,Víkingur,NA,NA
2025,2025-02-22T13:30:00Z,Haukar 2,HK 2,NA,NA
2025,2025-02-22T15:00:00Z,Fram 2,Valur 2,NA,NA
2025,2025-02-22T16:00:00Z,Hörður,Þór,NA,NA
2025,2025-03-04T17:30:00Z,Þór,HBH,NA,NA
2025,2025-03-07T17:30:00Z,HBH,Þór,NA,NA
2025,2025-03-07T19:30:00Z,Víkingur,Haukar 2,NA,NA
2025,2025-03-07T19:30:00Z,HK 2,Hörður,NA,NA
2025,2025-03-08T16:45:00Z,Valur 2,Selfoss,NA,NA
2025,2025-03-22T16:15:00Z,HBH,HK 2,NA,NA
2025,2025-03-22T16:15:00Z,Selfoss,Fram 2,NA,NA
2025,2025-03-22T16:15:00Z,Haukar 2,Valur 2,NA,NA
2025,2025-03-22T16:15:00Z,Hörður,Víkingur,NA,NA
2025,2025-03-29T16:15:00Z,Víkingur,HBH,NA,NA
2025,2025-03-29T16:15:00Z,Fram 2,Haukar 2,NA,NA
2025,2025-03-29T16:15:00Z,Þór,HK 2,NA,NA
2025,2025-03-29T16:15:00Z,Valur 2,Hörður,NA,NA
2024,2023-09-23T14:00:00Z,ÍR,HK U,40,33
2024,2023-09-23T14:30:00Z,Fjölnir,Haukar U,26,22
2024,2023-09-23T16:00:00Z,Hörður,Víkingur U,31,26
2024,2023-09-23T16:00:00Z,Þór,Valur U,28,26
2024,2023-09-23T16:00:00Z,Fram U,KA U,32,25
2024,2023-09-30T13:00:00Z,ÍR,Hörður,35,27
2024,2023-09-30T14:00:00Z,Haukar U,Fram U,39,33
2024,2023-09-30T16:00:00Z,HK U,Fjölnir,29,29
2024,2023-10-01T18:00:00Z,Víkingur U,Valur U,26,30
2024,2023-10-02T19:30:00Z,KA U,Þór,18,18
2024,2023-10-06T18:00:00Z,Fjölnir,Hörður,35,30
2024,2023-10-07T14:30:00Z,Fram U,HK U,41,29
2024,2023-10-07T16:00:00Z,Haukar U,Þór,22,33
2024,2023-10-07T17:00:00Z,ÍR,Víkingur U,37,28
2024,2023-10-08T16:00:00Z,Valur U,KA U,27,34
2024,2023-10-13T18:00:00Z,ÍR,Fjölnir,27,37
2024,2023-10-14T14:00:00Z,HK U,Þór,27,28
2024,2023-10-14T14:00:00Z,Víkingur U,KA U,29,30
2024,2023-10-14T16:00:00Z,Hörður,Fram U,30,42
2024,2023-10-20T19:30:00Z,Fjölnir,Víkingur U,31,27
2024,2023-10-21T13:45:00Z,Fram U,ÍR,32,31
2024,2023-10-21T16:00:00Z,Þór,Hörður,33,25
2024,2023-10-22T14:30:00Z,KA U,Haukar U,32,24
2024,2023-10-23T20:00:00Z,Valur U,HK U,33,29
2024,2023-11-07T20:00:00Z,Fjölnir,Fram U,26,27
2024,2023-11-11T14:00:00Z,Víkingur U,Haukar U,26,42
2024,2023-11-11T16:00:00Z,ÍR,Þór,34,22
2024,2023-11-12T15:00:00Z,Valur U,Hörður,24,24
2024,2023-11-19T13:00:00Z,KA U,Hörður,27,28
2024,2023-11-20T18:30:00Z,Þór,Fjölnir,27,26
2024,2023-11-20T20:00:00Z,Valur U,ÍR,30,29
2024,2023-11-23T20:00:00Z,Fjölnir,Valur U,29,21
2024,2023-11-25T14:00:00Z,Víkingur U,HK U,25,25
2024,2023-11-25T16:00:00Z,Fram U,Þór,40,30
2024,2023-11-25T17:00:00Z,Hörður,Haukar U,28,25
2024,2023-11-25T19:00:00Z,ÍR,KA U,42,25
2024,2023-12-01T18:00:00Z,KA U,Fjölnir,28,33
2024,2023-12-02T11:00:00Z,Valur U,Fram U,31,33
2024,2023-12-02T14:00:00Z,Þór,Víkingur U,39,33
2024,2023-12-02T17:00:00Z,HK U,Hörður,28,34
2024,2023-12-02T17:00:00Z,Haukar U,ÍR,31,35
2024,2023-12-05T20:30:00Z,Fram U,Víkingur U,37,32
2024,2023-12-09T14:00:00Z,Víkingur U,Hörður,23,35
2024,2023-12-09T16:00:00Z,HK U,ÍR,27,37
2024,2023-12-09T17:30:00Z,KA U,Fram U,31,36
2024,2023-12-10T16:00:00Z,Valur U,Þór,33,21
2024,2023-12-10T18:00:00Z,Haukar U,Fjölnir,26,24
2024,2023-12-15T20:00:00Z,Haukar U,Valur U,20,36
2024,2024-01-18T17:30:00Z,Þór,KA U,35,31
2024,2024-01-18T17:30:00Z,Fjölnir,HK U,35,35
2024,2024-01-18T17:30:00Z,Fram U,Haukar U,38,23
2024,2024-01-21T15:30:00Z,HK U,KA U,40,35
2024,2024-01-26T19:30:00Z,HK U,Fram U,27,28
2024,2024-01-26T19:30:00Z,Víkingur U,ÍR,31,39
2024,2024-01-27T18:00:00Z,Þór,Haukar U,33,33
2024,2024-02-02T19:30:00Z,Fjölnir,ÍR,23,23
2024,2024-02-03T16:00:00Z,Þór,HK U,34,21
2024,2024-02-03T17:00:00Z,KA U,Víkingur U,41,31
2024,2024-02-03T18:30:00Z,Fram U,Hörður,29,29
2024,2024-02-10T15:00:00Z,HK U,Haukar U,29,33
2024,2024-02-10T16:00:00Z,Hörður,Fjölnir,23,27
2024,2024-02-13T20:20:00Z,Valur U,Víkingur U,29,26
2024,2024-02-17T14:00:00Z,HK U,Valur U,27,27
2024,2024-02-17T16:00:00Z,ÍR,Fram U,26,26
2024,2024-02-17T16:00:00Z,Hörður,Þór,29,24
2024,2024-02-17T16:00:00Z,Víkingur U,Fjölnir,22,29
2024,2024-02-18T16:00:00Z,Haukar U,KA U,36,35
2024,2024-02-24T16:00:00Z,Þór,ÍR,34,36
2024,2024-02-24T16:30:00Z,Hörður,Valur U,37,29
2024,2024-02-25T16:00:00Z,Fram U,Fjölnir,31,29
2024,2024-02-25T16:00:00Z,Haukar U,Víkingur U,39,23
2024,2024-02-25T16:00:00Z,KA U,HK U,31,33
2024,2024-03-01T19:30:00Z,ÍR,Valur U,27,25
2024,2024-03-01T19:30:00Z,Fjölnir,Þór,26,25
2024,2024-03-01T19:45:00Z,Víkingur U,Fram U,22,22
2024,2024-03-02T15:00:00Z,Haukar U,HK U,35,33
2024,2024-03-02T16:00:00Z,Hörður,KA U,35,25
2024,2024-03-08T19:00:00Z,Hörður,ÍR,33,21
2024,2024-03-12T18:15:00Z,KA U,Valur U,33,28
2024,2024-03-19T20:20:00Z,Valur U,Haukar U,39,32
2024,2024-03-23T15:00:00Z,Valur U,Fjölnir,25,27
2024,2024-03-23T15:00:00Z,HK U,Víkingur U,37,30
2024,2024-03-23T15:00:00Z,KA U,ÍR,27,48
2024,2024-03-23T15:30:00Z,Þór,Fram U,30,32
2024,2024-03-24T13:30:00Z,Haukar U,Hörður,25,40
2024,2024-03-28T15:00:00Z,Víkingur U,Þór,31,35
2024,2024-03-28T15:00:00Z,Fram U,Valur U,22,25
2024,2024-03-28T15:00:00Z,ÍR,Haukar U,36,33
2024,2024-03-28T15:00:00Z,Fjölnir,KA U,32,26
2024,2024-03-28T18:00:00Z,Hörður,HK U,37,31
2023,2022-09-23T17:30:00Z,Þór,Fjölnir,27,29
2023,2022-09-23T19:30:00Z,HK,Kórdrengir,41,26
2023,2022-09-23T20:00:00Z,Víkingur,Selfoss U,37,32
2023,2022-09-23T20:00:00Z,Fram U,KA U,27,30
2023,2022-09-24T16:00:00Z,Haukar U,Valur U,23,27
2023,2022-09-30T19:30:00Z,Valur U,Víkingur,32,30
2023,2022-09-30T20:00:00Z,Fram U,HK,25,28
2023,2022-09-30T20:00:00Z,Selfoss U,KA U,36,38
2023,2022-09-30T20:30:00Z,Kórdrengir,Þór,21,26
2023,2022-10-07T19:30:00Z,Víkingur,Fjölnir,25,25
2023,2022-10-07T19:30:00Z,HK,KA U,36,36
2023,2022-10-07T20:00:00Z,Haukar U,Kórdrengir,30,22
2023,2022-10-08T16:00:00Z,Þór,Fram U,36,32
2023,2022-10-10T18:30:00Z,Selfoss U,Valur U,30,30
2023,2022-10-21T19:30:00Z,HK,Þór,30,22
2023,2022-10-22T13:00:00Z,Fram U,Haukar U,31,29
2023,2022-10-22T14:00:00Z,Fjölnir,Selfoss U,43,44
2023,2022-10-22T14:05:00Z,Valur U,KA U,25,23
2023,2022-10-23T17:00:00Z,Kórdrengir,Víkingur,25,29
2023,2022-11-01T20:00:00Z,Haukar U,HK,26,32
2023,2022-11-03T19:30:00Z,Víkingur,Fram U,33,34
2023,2022-11-03T21:15:00Z,Valur U,Fjölnir,34,25
2023,2022-11-04T19:30:00Z,Selfoss U,Kórdrengir,34,29
2023,2022-11-05T19:30:00Z,Þór,KA U,32,32
2023,2022-11-11T19:30:00Z,KA U,Fjölnir,29,30
2023,2022-11-11T19:30:00Z,Þór,Haukar U,33,34
2023,2022-11-11T20:00:00Z,Fram U,Selfoss U,36,26
2023,2022-11-11T20:00:00Z,HK,Víkingur,35,24
2023,2022-11-13T17:00:00Z,Kórdrengir,Valur U,29,38
2023,2022-11-18T19:30:00Z,Selfoss U,HK,19,38
2023,2022-11-18T19:30:00Z,Víkingur,Þór,31,27
2023,2022-11-18T20:15:00Z,Fjölnir,Kórdrengir,38,19
2023,2022-11-25T17:30:00Z,Fram U,Þór,20,27
2023,2022-12-02T19:30:00Z,HK,Valur U,30,27
2023,2022-12-02T19:30:00Z,Þór,Selfoss U,39,29
2023,2022-12-02T20:00:00Z,Fram U,Fjölnir,26,26
2023,2022-12-02T20:00:00Z,Haukar U,Víkingur,26,29
2023,2022-12-02T20:15:00Z,KA U,Kórdrengir,33,27
2023,2022-12-09T18:00:00Z,Víkingur,KA U,37,28
2023,2022-12-09T19:30:00Z,Selfoss U,Haukar U,34,32
2023,2022-12-09T19:30:00Z,Fjölnir,HK,25,37
2023,2022-12-10T17:00:00Z,Valur U,Þór,30,24
2023,2022-12-11T17:00:00Z,Kórdrengir,Fram U,28,35
2023,2022-12-13T20:00:00Z,Fjölnir,Haukar U,31,31
2023,2022-12-16T18:00:00Z,Fjölnir,Þór,24,24
2023,2023-01-06T20:00:00Z,Haukar U,KA U,34,30
2023,2023-01-13T19:30:00Z,Selfoss U,Víkingur,25,31
2023,2023-01-13T19:30:00Z,KA U,Fram U,28,31
2023,2023-01-13T19:30:00Z,Valur U,Haukar U,30,27
2023,2023-01-15T17:00:00Z,Kórdrengir,HK,22,34
2023,2023-01-17T20:15:00Z,Valur U,Fram U,33,36
2023,2023-01-19T20:15:00Z,Haukar U,Fjölnir,33,30
2023,2023-01-20T17:30:00Z,Víkingur,Valur U,34,26
2023,2023-01-21T18:00:00Z,HK,Fram U,33,30
2023,2023-01-26T19:30:00Z,Valur U,Selfoss U,33,34
2023,2023-01-27T19:30:00Z,KA U,HK,25,41
2023,2023-01-27T20:00:00Z,Fjölnir,Víkingur,27,38
2023,2023-01-29T17:00:00Z,Kórdrengir,Haukar U,25,38
2023,2023-02-03T19:30:00Z,Þór,HK,24,30
2023,2023-02-03T19:30:00Z,Selfoss U,Fjölnir,32,33
2023,2023-02-03T19:30:00Z,Víkingur,Kórdrengir,36,23
2023,2023-02-03T20:00:00Z,Haukar U,Fram U,32,30
2023,2023-02-04T16:45:00Z,KA U,Valur U,30,27
2023,2023-02-10T19:30:00Z,HK,Haukar U,36,35
2023,2023-02-10T20:15:00Z,KA U,Þór,32,28
2023,2023-02-11T17:30:00Z,Fjölnir,Valur U,34,29
2023,2023-02-12T17:00:00Z,Kórdrengir,Selfoss U,32,41
2023,2023-02-12T20:15:00Z,Fram U,Víkingur,33,38
2023,2023-02-24T19:30:00Z,Haukar U,Þór,29,26
2023,2023-02-24T19:30:00Z,Selfoss U,Fram U,34,31
2023,2023-02-24T20:00:00Z,Víkingur,HK,28,30
2023,2023-02-24T20:15:00Z,Fjölnir,KA U,36,24
2023,2023-02-25T17:00:00Z,Valur U,Kórdrengir,26,27
2023,2023-02-26T19:00:00Z,KA U,Selfoss U,31,26
2023,2023-03-02T18:00:00Z,HK,Selfoss U,33,31
2023,2023-03-03T19:30:00Z,KA U,Haukar U,36,34
2023,2023-03-18T16:00:00Z,Þór,Kórdrengir,31,22
2023,2023-03-21T18:00:00Z,Þór,Víkingur,26,30
2023,2023-03-22T20:30:00Z,Fram U,Valur U,26,33
2023,2023-03-24T19:30:00Z,Valur U,HK,27,32
2023,2023-03-24T19:30:00Z,Selfoss U,Þór,34,30
2023,2023-03-24T19:30:00Z,Víkingur,Haukar U,31,30
2023,2023-03-24T19:30:00Z,Fjölnir,Fram U,33,33
2023,2023-03-24T20:15:00Z,Kórdrengir,KA U,26,33
2023,2023-03-29T20:15:00Z,Kórdrengir,Fjölnir,23,29
2023,2023-03-31T19:30:00Z,KA U,Víkingur,25,33
2023,2023-03-31T19:30:00Z,Haukar U,Selfoss U,30,29
2023,2023-03-31T19:30:00Z,HK,Fjölnir,33,20
2023,2023-03-31T19:30:00Z,Þór,Valur U,25,28
2023,2023-03-31T20:00:00Z,Fram U,Kórdrengir,33,30
2022,2021-09-24T18:30:00Z,Fjölnir,ÍR,27,34
2022,2021-09-24T19:30:00Z,Selfoss U,Valur U,29,23
2022,2021-09-24T20:30:00Z,Vængir Júpíters,Hörður,20,42
2022,2021-09-25T16:00:00Z,Afturelding U,Kórdrengir,30,26
2022,2021-09-26T14:00:00Z,Þór,Haukar U,27,25
2022,2021-10-08T19:30:00Z,Hörður,Selfoss U,37,32
2022,2021-10-08T19:30:00Z,Haukar U,Vængir Júpíters,30,24
2022,2021-10-08T20:00:00Z,Berserkir,Afturelding U,22,25
2022,2021-10-09T18:00:00Z,ÍR,Þór,36,31
2022,2021-10-09T18:00:00Z,Kórdrengir,Fjölnir,29,30
2022,2021-10-15T19:30:00Z,Þór,Kórdrengir,26,30
2022,2021-10-15T19:30:00Z,Valur U,Hörður,26,29
2022,2021-10-15T20:30:00Z,Vængir Júpíters,ÍR,25,36
2022,2021-10-22T19:30:00Z,Haukar U,Valur U,26,21
2022,2021-10-22T20:00:00Z,Berserkir,Þór,24,37
2022,2021-10-24T18:00:00Z,Kórdrengir,Vængir Júpíters,26,22
2022,2021-10-29T17:30:00Z,Þór,Afturelding U,32,26
2022,2021-10-29T19:30:00Z,Vængir Júpíters,Berserkir,26,24
2022,2021-10-30T16:00:00Z,ÍR,Valur U,43,33
2022,2021-10-30T19:00:00Z,Hörður,Haukar U,32,28
2022,2021-11-04T19:30:00Z,Fjölnir,Berserkir,36,33
2022,2021-11-12T19:30:00Z,Fjölnir,Þór,28,23
2022,2021-11-12T20:00:00Z,Afturelding U,Vængir Júpíters,26,25
2022,2021-11-12T20:00:00Z,Berserkir,Selfoss U,28,30
2022,2021-11-13T15:00:00Z,ÍR,Hörður,36,37
2022,2021-11-16T20:00:00Z,Afturelding U,Fjölnir,26,31
2022,2021-11-19T18:30:00Z,Selfoss U,Afturelding U,29,25
2022,2021-11-19T20:00:00Z,Haukar U,ÍR,26,28
2022,2021-11-19T20:15:00Z,Vængir Júpíters,Fjölnir,20,34
2022,2021-11-21T19:00:00Z,Kórdrengir,Hörður,29,31
2022,2021-11-21T19:30:00Z,Valur U,Berserkir,37,21
2022,2021-11-26T19:30:00Z,Þór,Vængir Júpíters,28,23
2022,2021-11-26T20:00:00Z,Berserkir,Hörður,23,33
2022,2021-11-26T20:15:00Z,Fjölnir,Selfoss U,29,31
2022,2021-11-27T16:00:00Z,Afturelding U,Valur U,26,26
2022,2021-11-30T20:15:00Z,ÍR,Selfoss U,32,29
2022,2021-12-03T18:00:00Z,Hörður,Afturelding U,36,24
2022,2021-12-03T20:15:00Z,ÍR,Kórdrengir,34,24
2022,2021-12-04T18:00:00Z,Valur U,Fjölnir,29,38
2022,2021-12-05T16:00:00Z,Selfoss U,Þór,24,25
2022,2021-12-05T17:00:00Z,Haukar U,Berserkir,29,20
2022,2021-12-09T20:00:00Z,Berserkir,ÍR,27,47
2022,2021-12-09T20:30:00Z,Vængir Júpíters,Selfoss U,31,33
2022,2021-12-11T14:00:00Z,Fjölnir,Hörður,34,33
2022,2021-12-11T15:00:00Z,Þór,Valur U,32,29
2022,2021-12-11T16:00:00Z,Afturelding U,Haukar U,26,28
2022,2021-12-12T19:00:00Z,Selfoss U,Kórdrengir,33,28
2022,2021-12-18T14:00:00Z,Þór,Hörður,31,30
2022,2021-12-18T15:00:00Z,Afturelding U,ÍR,25,36
2022,2021-12-18T17:00:00Z,Valur U,Vængir Júpíters,39,26
2022,2021-12-18T17:00:00Z,Fjölnir,Haukar U,29,26
2022,2021-12-19T15:00:00Z,Kórdrengir,Berserkir,25,19
2022,2022-01-10T19:00:00Z,Selfoss U,Haukar U,39,40
2022,2022-01-15T18:00:00Z,Kórdrengir,Afturelding U,31,24
2022,2022-01-15T18:00:00Z,Hörður,Vængir Júpíters,32,25
2022,2022-01-20T18:00:00Z,Fjölnir,Kórdrengir,30,20
2022,2022-01-22T13:00:00Z,Afturelding U,Berserkir,28,31
2022,2022-01-25T20:00:00Z,Berserkir,Fjölnir,23,30
2022,2022-01-25T20:15:00Z,ÍR,Vængir Júpíters,33,25
2022,2022-01-28T17:00:00Z,Hörður,Valur U,36,34
2022,2022-01-28T18:30:00Z,Fjölnir,Afturelding U,27,29
2022,2022-01-28T20:30:00Z,Vængir Júpíters,Kórdrengir,22,22
2022,2022-01-29T19:30:00Z,Selfoss U,ÍR,31,35
2022,2022-01-30T14:00:00Z,Þór,Berserkir,29,24
2022,2022-01-31T20:00:00Z,Haukar U,Kórdrengir,30,28
2022,2022-02-03T19:30:00Z,Valur U,ÍR,27,28
2022,2022-02-04T20:00:00Z,Haukar U,Hörður,35,32
2022,2022-02-04T20:00:00Z,Berserkir,Vængir Júpíters,17,24
2022,2022-02-04T20:00:00Z,Afturelding U,Þór,26,41
2022,2022-02-06T19:00:00Z,Kórdrengir,Selfoss U,24,33
2022,2022-02-09T20:00:00Z,Haukar U,Selfoss U,18,26
2022,2022-02-11T19:30:00Z,Kórdrengir,Valur U,26,36
2022,2022-02-11T19:30:00Z,Selfoss U,Berserkir,42,25
2022,2022-02-12T18:00:00Z,Hörður,ÍR,30,27
2022,2022-02-22T20:15:00Z,ÍR,Fjölnir,35,38
2022,2022-02-24T20:15:00Z,Berserkir,Valur U,28,27
2022,2022-02-25T20:15:00Z,ÍR,Haukar U,33,29
2022,2022-02-25T20:30:00Z,Fjölnir,Vængir Júpíters,34,28
2022,2022-02-26T15:00:00Z,Afturelding U,Selfoss U,10,0
2022,2022-03-01T20:10:00Z,Valur U,Selfoss U,35,34
2022,2022-03-04T19:30:00Z,Hörður,Berserkir,38,22
2022,2022-03-04T20:15:00Z,Vængir Júpíters,Þór,25,37
2022,2022-03-05T13:30:00Z,Selfoss U,Fjölnir,28,29
2022,2022-03-05T14:00:00Z,Valur U,Afturelding U,31,21
2022,2022-03-05T15:00:00Z,Kórdrengir,Haukar U,25,27
2022,2022-03-08T20:30:00Z,Valur U,Kórdrengir,23,19
2022,2022-03-10T20:30:00Z,Vængir Júpíters,Afturelding U,28,23
2022,2022-03-12T12:00:00Z,Selfoss U,Hörður,29,41
2022,2022-03-12T17:00:00Z,Þór,ÍR,36,36
2022,2022-03-13T16:30:00Z,Vængir Júpíters,Haukar U,17,37
2022,2022-03-20T16:00:00Z,Hörður,Kórdrengir,37,23
2022,2022-03-23T19:30:00Z,Kórdrengir,Þór,21,32
2022,2022-03-24T18:15:00Z,Berserkir,Haukar U,23,33
2022,2022-03-24T20:00:00Z,Fjölnir,Valur U,36,29
2022,2022-03-26T15:00:00Z,Afturelding U,Hörður,22,38
2022,2022-03-26T16:00:00Z,Þór,Selfoss U,33,29
2022,2022-03-27T15:00:00Z,Kórdrengir,ÍR,25,35
2022,2022-03-29T20:15:00Z,Valur U,Haukar U,28,25
2022,2022-03-30T19:00:00Z,Þór,Fjölnir,23,21
2022,2022-04-01T20:15:00Z,ÍR,Berserkir,36,22
2022,2022-04-02T16:00:00Z,Haukar U,Þór,34,29
2022,2022-04-03T14:30:00Z,Valur U,Þór,36,29
2022,2022-04-03T16:00:00Z,Haukar U,Afturelding U,24,21
2022,2022-04-03T18:30:00Z,Hörður,Fjölnir,38,36
2022,2022-04-03T19:30:00Z,Selfoss U,Vængir Júpíters,33,25
2022,2022-04-08T19:30:00Z,Hörður,Þór,25,19
2022,2022-04-08T19:30:00Z,ÍR,Afturelding U,37,24
2022,2022-04-08T19:30:00Z,Haukar U,Fjölnir,29,21
2022,2022-04-08T19:30:00Z,Vængir Júpíters,Valur U,23,28
2022,2022-04-08T19:30:00Z,Berserkir,Kórdrengir,25,29
2021,2020-09-18T19:30:00Z,Hörður,Vængir Júpíters,23,27
2021,2020-09-18T20:00:00Z,Kría,Fram U,30,27
2021,2020-09-19T13:30:00Z,HK,Selfoss U,27,25
2021,2020-09-19T15:45:00Z,Valur U,Víkingur,30,32
2021,2020-09-20T17:00:00Z,Haukar U,Fjölnir,26,31
2021,2020-09-24T20:00:00Z,Vængir Júpíters,Valur U,21,24
2021,2020-09-25T20:30:00Z,Kría,Hörður,33,31
2021,2020-09-26T14:30:00Z,Víkingur,Haukar U,26,25
2021,2020-09-26T16:00:00Z,Fram U,Selfoss U,27,31
2021,2020-09-27T19:00:00Z,Fjölnir,HK,26,25
2021,2020-10-03T16:00:00Z,HK,Víkingur,31,22
2021,2020-10-04T15:00:00Z,Valur U,Kría,31,27
2021,2020-10-04T16:00:00Z,Hörður,Fram U,30,25
2021,2020-10-04T18:00:00Z,Haukar U,Vængir Júpíters,32,22
2021,2020-10-04T19:30:00Z,Selfoss U,Fjölnir,33,33
2021,2021-01-15T19:30:00Z,Vængir Júpíters,HK,18,29
2021,2021-01-15T19:30:00Z,Víkingur,Selfoss U,28,19
2021,2021-01-15T20:30:00Z,Fram U,Fjölnir,27,31
2021,2021-01-15T20:30:00Z,Kría,Haukar U,22,25
2021,2021-01-16T15:00:00Z,Hörður,Valur U,33,41
2021,2021-01-19T19:30:00Z,Valur U,Fram U,30,23
2021,2021-01-22T19:30:00Z,Fjölnir,Víkingur,24,27
2021,2021-01-22T19:30:00Z,Selfoss U,Vængir Júpíters,29,21
2021,2021-01-22T19:30:00Z,HK,Kría,23,25
2021,2021-01-25T21:00:00Z,Valur U,Haukar U,27,22
2021,2021-01-26T20:00:00Z,Vængir Júpíters,Fjölnir,18,27
2021,2021-01-26T20:30:00Z,Kría,Selfoss U,30,24
2021,2021-01-26T21:00:00Z,Fram U,Víkingur,23,24
2021,2021-01-29T19:00:00Z,Víkingur,Vængir Júpíters,25,14
2021,2021-01-30T15:30:00Z,HK,Valur U,38,21
2021,2021-01-31T16:00:00Z,Fjölnir,Kría,27,27
2021,2021-01-31T16:00:00Z,Haukar U,Fram U,26,22
2021,2021-01-31T16:30:00Z,Selfoss U,Hörður,32,36
2021,2021-02-04T20:00:00Z,Haukar U,HK,16,27
2021,2021-02-04T20:30:00Z,Kría,Víkingur,18,27
2021,2021-02-05T19:30:00Z,Valur U,Selfoss U,35,30
2021,2021-02-05T20:30:00Z,Fram U,Vængir Júpíters,21,25
2021,2021-02-06T17:00:00Z,Fjölnir,Hörður,35,33
2021,2021-02-09T18:30:00Z,Hörður,HK,26,41
2021,2021-02-12T18:00:00Z,Fjölnir,Valur U,29,30
2021,2021-02-12T19:30:00Z,HK,Fram U,29,17
2021,2021-02-12T19:30:00Z,Selfoss U,Haukar U,25,25
2021,2021-02-12T21:00:00Z,Vængir Júpíters,Kría,26,31
2021,2021-02-13T15:00:00Z,Víkingur,Hörður,34,28
2021,2021-02-18T19:30:00Z,Selfoss U,HK,17,25
2021,2021-02-18T20:00:00Z,Fjölnir,Haukar U,32,20
2021,2021-02-19T19:30:00Z,Víkingur,Valur U,30,26
2021,2021-02-19T20:30:00Z,Fram U,Kría,24,33
2021,2021-02-20T16:00:00Z,Vængir Júpíters,Hörður,10,0
2021,2021-02-26T19:00:00Z,Hörður,Kría,28,28
2021,2021-02-26T19:30:00Z,HK,Fjölnir,31,21
2021,2021-02-26T19:30:00Z,Valur U,Vængir Júpíters,36,33
2021,2021-02-26T19:30:00Z,Selfoss U,Fram U,27,22
2021,2021-02-26T20:00:00Z,Haukar U,Víkingur,22,25
2021,2021-03-02T20:00:00Z,Fjölnir,Selfoss U,23,24
2021,2021-03-05T20:30:00Z,Fram U,Hörður,32,35
2021,2021-03-06T14:00:00Z,Kría,Valur U,25,25
2021,2021-03-06T17:00:00Z,Vængir Júpíters,Haukar U,19,25
2021,2021-03-06T19:30:00Z,Víkingur,HK,22,23
2021,2021-03-19T19:30:00Z,Selfoss U,Víkingur,24,31
2021,2021-03-19T19:30:00Z,HK,Vængir Júpíters,36,25
2021,2021-03-19T20:00:00Z,Haukar U,Kría,28,26
2021,2021-03-19T20:45:00Z,Fjölnir,Fram U,25,25
2021,2021-03-20T16:00:00Z,Valur U,Hörður,35,36
2021,2021-04-27T20:00:00Z,Vængir Júpíters,Selfoss U,22,31
2021,2021-04-28T19:30:00Z,Kría,HK,22,31
2021,2021-04-28T19:30:00Z,Víkingur,Fjölnir,25,24
2021,2021-04-28T20:00:00Z,Hörður,Haukar U,34,35
2021,2021-04-28T20:40:00Z,Fram U,Valur U,19,26
2021,2021-05-01T14:00:00Z,Haukar U,Valur U,39,34
2021,2021-05-01T14:00:00Z,Víkingur,Fram U,27,24
2021,2021-05-01T16:00:00Z,Fjölnir,Vængir Júpíters,37,26
2021,2021-05-01T17:00:00Z,Selfoss U,Kría,34,28
2021,2021-05-01T19:30:00Z,HK,Hörður,38,14
2021,2021-05-04T20:30:00Z,Haukar U,Hörður,31,26
2021,2021-05-06T20:00:00Z,Valur U,HK,26,30
2021,2021-05-07T19:00:00Z,Hörður,Selfoss U,40,33
2021,2021-05-07T19:30:00Z,Vængir Júpíters,Víkingur,19,32
2021,2021-05-07T20:00:00Z,Kría,Fjölnir,21,31
2021,2021-05-08T16:00:00Z,Fram U,Haukar U,26,39
2021,2021-05-11T19:30:00Z,Selfoss U,Valur U,25,25
2021,2021-05-11T19:30:00Z,Hörður,Fjölnir,29,35
2021,2021-05-11T19:30:00Z,HK,Haukar U,27,20
2021,2021-05-11T19:30:00Z,Víkingur,Kría,26,19
2021,2021-05-11T20:30:00Z,Vængir Júpíters,Fram U,24,26
2021,2021-05-14T19:30:00Z,Kría,Vængir Júpíters,34,31
2021,2021-05-14T19:30:00Z,Valur U,Fjölnir,27,27
2021,2021-05-14T19:30:00Z,Fram U,HK,16,29
2021,2021-05-14T19:30:00Z,Hörður,Víkingur,32,36
2021,2021-05-14T19:30:00Z,Haukar U,Selfoss U,27,23
2020,2019-09-20T19:30:00Z,Þróttur,Fjölnir U,36,29
2020,2019-09-20T20:00:00Z,FH U,Þór,27,29
2020,2019-09-20T20:00:00Z,Stjarnan U,Valur U,21,31
2020,2019-09-20T20:00:00Z,Haukar U,Grótta,26,19
2020,2019-09-20T20:30:00Z,KA U,Víkingur,26,24
2020,2019-09-26T20:30:00Z,Fjölnir U,FH U,20,24
2020,2019-09-27T19:00:00Z,KA U,Stjarnan U,44,19
2020,2019-09-27T19:30:00Z,Þór,Haukar U,30,22
2020,2019-09-27T19:30:00Z,Víkingur,Grótta,21,25
2020,2019-10-01T19:40:00Z,Valur U,Þróttur,27,35
2020,2019-10-04T19:30:00Z,Þróttur,KA U,33,29
2020,2019-10-04T20:00:00Z,Haukar U,Fjölnir U,33,19
2020,2019-10-04T20:00:00Z,Grótta,Þór,29,33
2020,2019-10-06T15:00:00Z,Stjarnan U,Víkingur,20,22
2020,2019-10-07T20:00:00Z,FH U,Valur U,34,26
2020,2019-10-11T19:45:00Z,Fjölnir U,Grótta,26,27
2020,2019-10-11T20:30:00Z,KA U,FH U,35,30
2020,2019-10-12T16:30:00Z,Víkingur,Þór,26,26
2020,2019-10-12T18:00:00Z,Stjarnan U,Þróttur,34,34
2020,2019-10-13T17:15:00Z,Valur U,Haukar U,32,28
2020,2019-10-15T20:10:00Z,Þróttur,Víkingur,28,29
2020,2019-10-17T20:15:00Z,FH U,Stjarnan U,27,29
2020,2019-10-18T18:00:00Z,Grótta,Valur U,29,33
2020,2019-10-18T19:30:00Z,Þór,Fjölnir U,30,28
2020,2019-10-18T20:00:00Z,Haukar U,KA U,33,29
2020,2019-10-31T18:30:00Z,Víkingur,Fjölnir U,29,31
2020,2019-11-01T19:30:00Z,Þróttur,FH U,30,31
2020,2019-11-01T20:00:00Z,Stjarnan U,Haukar U,21,35
2020,2019-11-03T17:00:00Z,KA U,Grótta,33,39
2020,2019-11-03T18:00:00Z,Valur U,Þór,33,33
2020,2019-11-07T20:15:00Z,FH U,Víkingur,34,30
2020,2019-11-08T19:30:00Z,Þór,KA U,30,28
2020,2019-11-08T19:45:00Z,Fjölnir U,Valur U,25,26
2020,2019-11-08T20:00:00Z,Haukar U,Þróttur,22,22
2020,2019-11-08T20:00:00Z,Grótta,Stjarnan U,33,31
2020,2019-11-15T19:30:00Z,FH U,Haukar U,32,36
2020,2019-11-15T19:30:00Z,Þróttur,Grótta,25,26
2020,2019-11-15T20:00:00Z,Víkingur,Valur U,24,28
2020,2019-11-15T20:00:00Z,Stjarnan U,Þór,23,30
2020,2019-11-17T15:00:00Z,KA U,Fjölnir U,26,25
2020,2019-11-26T19:30:00Z,Fjölnir U,Stjarnan U,26,22
2020,2019-11-29T19:15:00Z,Haukar U,Víkingur,31,29
2020,2019-11-29T19:30:00Z,Valur U,KA U,37,21
2020,2019-11-29T19:30:00Z,Þór,Þróttur,36,26
2020,2019-11-29T20:00:00Z,Grótta,FH U,37,27
2020,2019-12-06T19:30:00Z,Þór,FH U,30,22
2020,2019-12-06T19:30:00Z,Grótta,Haukar U,29,28
2020,2019-12-06T19:40:00Z,Fjölnir U,Þróttur,23,30
2020,2019-12-06T20:00:00Z,Víkingur,KA U,34,23
2020,2019-12-16T19:45:00Z,Valur U,Stjarnan U,30,29
2020,2020-01-28T20:00:00Z,Þróttur,Valur U,26,29
2020,2020-01-29T20:15:00Z,FH U,Fjölnir U,27,27
2020,2020-01-31T20:00:00Z,Grótta,Víkingur,25,26
2020,2020-02-01T14:00:00Z,Haukar U,Þór,24,33
2020,2020-02-02T18:00:00Z,Stjarnan U,KA U,23,23
2020,2020-02-07T18:00:00Z,Þór,Grótta,25,24
2020,2020-02-07T20:00:00Z,Víkingur,Stjarnan U,38,34
2020,2020-02-07T20:30:00Z,Valur U,FH U,24,33
2020,2020-02-07T20:30:00Z,Fjölnir U,Haukar U,19,29
2020,2020-02-09T15:00:00Z,KA U,Þróttur,30,31
2020,2020-02-11T20:00:00Z,Þróttur,Stjarnan U,32,21
2020,2020-02-12T18:30:00Z,Haukar U,Valur U,33,27
2020,2020-02-14T18:00:00Z,Grótta,Fjölnir U,39,26
2020,2020-02-15T15:00:00Z,Þór,Víkingur,32,24
2020,2020-02-15T17:30:00Z,FH U,KA U,37,27
2020,2020-02-21T19:30:00Z,Valur U,Grótta,27,27
2020,2020-02-21T20:00:00Z,Víkingur,Þróttur,26,25
2020,2020-02-21T20:00:00Z,Stjarnan U,FH U,26,39
2020,2020-02-21T20:30:00Z,Fjölnir U,Þór,23,35
2020,2020-02-23T15:00:00Z,KA U,Haukar U,29,37
2020,2020-02-27T20:15:00Z,FH U,Þróttur,24,31
2020,2020-02-28T19:30:00Z,Þór,Valur U,33,25
2020,2020-02-28T19:45:00Z,Fjölnir U,Víkingur,30,29
2020,2020-02-28T20:00:00Z,Grótta,KA U,33,32
2020,2020-02-29T14:00:00Z,Haukar U,Stjarnan U,34,23
2020,2020-03-13T00:00:00Z,Valur U,Fjölnir U,NA,NA
2020,2020-03-13T00:00:00Z,Stjarnan U,Grótta,NA,NA
2020,2020-03-13T00:00:00Z,Þróttur,Haukar U,NA,NA
2020,2020-03-13T00:00:00Z,Víkingur,FH U,NA,NA
2020,2020-03-17T00:00:00Z,KA U,Þór,NA,NA
2020,2020-03-19T00:00:00Z,Valur U,Víkingur,NA,NA
2020,2020-03-20T00:00:00Z,Grótta,Þróttur,NA,NA
2020,2020-03-20T00:00:00Z,Haukar U,FH U,NA,NA
2020,2020-03-20T00:00:00Z,Þór,Stjarnan U,NA,NA
2020,2020-03-20T00:00:00Z,Fjölnir U,KA U,NA,NA
2020,2020-03-28T00:00:00Z,FH U,Grótta,NA,NA
2020,2020-03-28T00:00:00Z,Víkingur,Haukar U,NA,NA
2020,2020-03-28T00:00:00Z,Stjarnan U,Fjölnir U,NA,NA
2020,2020-03-28T00:00:00Z,KA U,Valur U,NA,NA
2020,2020-03-28T00:00:00Z,Þróttur,Þór,NA,NA
2019,2018-09-21T18:30:00Z,ÍBV U,FH U,28,31
2019,2018-09-21T19:30:00Z,Valur U,ÍR U,33,26
2019,2018-09-21T20:00:00Z,Fjölnir,Haukar U,26,18
2019,2018-09-21T20:00:00Z,Stjarnan U,HK,25,31
2019,2018-09-26T19:30:00Z,Haukar U,HK,24,20
2019,2018-09-26T20:30:00Z,ÍR U,Stjarnan U,28,28
2019,2018-09-27T19:30:00Z,Þróttur,ÍBV U,31,28
2019,2018-09-27T20:00:00Z,FH U,Valur U,24,41
2019,2018-09-27T20:00:00Z,Fjölnir,Víkingur,32,25
2019,2018-10-03T18:30:00Z,ÍBV U,Fjölnir,22,35
2019,2018-10-05T19:00:00Z,HK,ÍR U,30,27
2019,2018-10-05T19:30:00Z,Valur U,Þróttur,32,26
2019,2018-10-05T20:00:00Z,Stjarnan U,FH U,31,27
2019,2018-10-05T20:00:00Z,Víkingur,Haukar U,29,24
2019,2018-10-09T20:00:00Z,FH U,HK,27,30
2019,2018-10-11T19:30:00Z,Haukar U,ÍR U,26,24
2019,2018-10-12T18:00:00Z,Fjölnir,Valur U,27,26
2019,2018-10-12T19:30:00Z,Þróttur,Stjarnan U,36,29
2019,2018-10-18T20:30:00Z,ÍR U,FH U,27,28
2019,2018-10-19T18:00:00Z,Stjarnan U,Fjölnir,27,28
2019,2018-10-20T13:30:00Z,ÍBV U,Haukar U,21,28
2019,2018-10-20T18:30:00Z,Valur U,Víkingur,25,25
2019,2018-10-21T18:00:00Z,HK,Þróttur,32,32
2019,2018-10-30T19:30:00Z,Víkingur,Stjarnan U,28,25
2019,2018-11-02T18:00:00Z,Fjölnir,HK,31,27
2019,2018-11-02T19:30:00Z,Þróttur,ÍR U,36,27
2019,2018-11-02T19:30:00Z,Haukar U,FH U,28,20
2019,2018-11-05T20:15:00Z,ÍBV U,Valur U,31,32
2019,2018-11-12T18:00:00Z,ÍR U,Fjölnir,22,29
2019,2018-11-12T20:00:00Z,Víkingur,ÍBV U,31,23
2019,2018-11-16T19:30:00Z,HK,Víkingur,22,29
2019,2018-11-16T20:30:00Z,FH U,Þróttur,35,35
2019,2018-11-16T20:45:00Z,Stjarnan U,ÍBV U,40,36
2019,2018-11-17T13:30:00Z,Haukar U,Valur U,28,25
2019,2018-11-23T18:30:00Z,ÍBV U,HK,28,29
2019,2018-11-23T19:30:00Z,Fjölnir,FH U,30,33
2019,2018-11-23T19:30:00Z,Víkingur,ÍR U,32,39
2019,2018-11-23T20:30:00Z,Valur U,Stjarnan U,35,20
2019,2018-11-24T16:30:00Z,Haukar U,Þróttur,28,26
2019,2018-11-27T19:30:00Z,HK,Stjarnan U,29,27
2019,2018-11-29T20:00:00Z,Fjölnir,Þróttur,32,27
2019,2018-11-30T19:30:00Z,HK,Valur U,20,25
2019,2018-11-30T20:00:00Z,FH U,Víkingur,28,18
2019,2018-11-30T20:00:00Z,Stjarnan U,Haukar U,23,34
2019,2018-11-30T20:45:00Z,ÍR U,ÍBV U,31,27
2019,2018-12-05T20:00:00Z,ÍR U,Valur U,20,30
2019,2018-12-07T19:30:00Z,Haukar U,Fjölnir,23,27
2019,2018-12-07T19:30:00Z,Þróttur,Víkingur,32,22
2019,2018-12-09T15:30:00Z,FH U,ÍBV U,24,34
2019,2019-01-28T20:00:00Z,Víkingur,Þróttur,25,21
2019,2019-02-01T18:30:00Z,ÍBV U,Þróttur,21,29
2019,2019-02-01T19:30:00Z,Víkingur,Fjölnir,21,28
2019,2019-02-01T20:00:00Z,Stjarnan U,ÍR U,31,28
2019,2019-02-03T18:00:00Z,HK,Haukar U,22,22
2019,2019-02-04T19:45:00Z,Valur U,FH U,30,30
2019,2019-02-07T20:15:00Z,FH U,Stjarnan U,31,26
2019,2019-02-08T19:30:00Z,Haukar U,Víkingur,23,24
2019,2019-02-08T19:30:00Z,Þróttur,Valur U,29,25
2019,2019-02-08T20:30:00Z,Fjölnir,ÍBV U,31,23
2019,2019-02-08T20:30:00Z,ÍR U,HK,23,31
2019,2019-02-22T19:30:00Z,Valur U,Fjölnir,31,31
2019,2019-02-22T19:30:00Z,HK,FH U,30,20
2019,2019-02-22T20:00:00Z,Stjarnan U,Þróttur,10,0
2019,2019-02-22T20:30:00Z,ÍR U,Haukar U,29,31
2019,2019-02-23T13:30:00Z,ÍBV U,Víkingur,34,35
2019,2019-02-27T20:00:00Z,FH U,ÍR U,33,29
2019,2019-03-01T18:00:00Z,Víkingur,Valur U,35,27
2019,2019-03-01T19:30:00Z,Fjölnir,Stjarnan U,32,21
2019,2019-03-02T16:30:00Z,Haukar U,ÍBV U,31,27
2019,2019-03-05T19:30:00Z,Þróttur,HK,30,29
2019,2019-03-14T20:00:00Z,FH U,Haukar U,25,25
2019,2019-03-14T21:15:00Z,Valur U,ÍBV U,33,31
2019,2019-03-15T19:30:00Z,HK,Fjölnir,25,26
2019,2019-03-15T20:00:00Z,Stjarnan U,Víkingur,36,35
2019,2019-03-15T20:30:00Z,ÍR U,Þróttur,23,30
2019,2019-03-21T19:30:00Z,Víkingur,HK,27,28
2019,2019-03-21T19:30:00Z,Þróttur,FH U,38,25
2019,2019-03-21T21:00:00Z,Valur U,Haukar U,25,32
2019,2019-03-22T19:45:00Z,ÍBV U,Stjarnan U,30,22
2019,2019-03-22T20:15:00Z,Fjölnir,ÍR U,41,27
2019,2019-03-29T18:00:00Z,Stjarnan U,Valur U,23,34
2019,2019-03-29T18:00:00Z,ÍR U,Víkingur,17,30
2019,2019-03-29T18:00:00Z,FH U,Fjölnir,24,33
2019,2019-03-29T18:00:00Z,HK,ÍBV U,30,30
2019,2019-03-29T18:00:00Z,Þróttur,Haukar U,22,23
2019,2019-04-05T18:00:00Z,ÍBV U,ÍR U,33,29
2019,2019-04-05T18:00:00Z,Þróttur,Fjölnir,27,37
2019,2019-04-05T18:00:00Z,Víkingur,FH U,29,25
2019,2019-04-05T18:00:00Z,Valur U,HK,34,32
2019,2019-04-05T18:00:00Z,Haukar U,Stjarnan U,33,24
2018,2017-09-15T19:30:00Z,Stjarnan U,Hvíti Riddarinn,28,27
2018,2017-09-15T19:30:00Z,HK,Þróttur,24,23
2018,2017-09-15T19:30:00Z,Akureyri,Valur U,27,25
2018,2017-09-15T20:00:00Z,Mílan,Haukar U,21,21
2018,2017-09-15T20:15:00Z,KA,ÍBV U,30,29
2018,2017-09-22T18:45:00Z,ÍBV U,Akureyri,26,35
2018,2017-09-22T20:00:00Z,Mílan,KA,22,26
2018,2017-09-22T20:00:00Z,HK,Stjarnan U,34,24
2018,2017-09-23T13:30:00Z,Valur U,Þróttur,20,24
2018,2017-09-23T14:30:00Z,Haukar U,Hvíti Riddarinn,33,24
2018,2017-10-06T18:00:00Z,Þróttur,ÍBV U,33,24
2018,2017-10-06T20:15:00Z,Hvíti Riddarinn,HK,26,36
2018,2017-10-06T20:15:00Z,KA,Haukar U,28,25
2018,2017-10-06T20:30:00Z,Akureyri,Mílan,28,25
2018,2017-10-11T19:00:00Z,KA,Akureyri,10,0
2018,2017-10-13T19:30:00Z,Valur U,Hvíti Riddarinn,29,27
2018,2017-10-13T20:00:00Z,Stjarnan U,ÍBV U,30,31
2018,2017-10-13T20:00:00Z,Mílan,Þróttur,19,20
2018,2017-10-15T19:30:00Z,Haukar U,HK,31,26
2018,2017-10-18T19:00:00Z,HK,Valur U,30,28
2018,2017-10-19T19:30:00Z,Stjarnan U,Mílan,30,23
2018,2017-10-20T18:00:00Z,Hvíti Riddarinn,ÍBV U,27,32
2018,2017-10-20T19:30:00Z,Þróttur,KA,20,25
2018,2017-10-21T14:00:00Z,Akureyri,Haukar U,27,18
2018,2017-10-31T19:30:00Z,Stjarnan U,Valur U,14,31
2018,2017-11-02T20:30:00Z,Mílan,Hvíti Riddarinn,28,23
2018,2017-11-03T18:00:00Z,ÍBV U,HK,23,38
2018,2017-11-03T19:30:00Z,Akureyri,Þróttur,30,25
2018,2017-11-04T15:45:00Z,KA,Stjarnan U,22,17
2018,2017-11-04T16:30:00Z,Haukar U,Valur U,29,24
2018,2017-11-07T20:00:00Z,Þróttur,Haukar U,30,22
2018,2017-11-10T18:00:00Z,HK,Mílan,30,21
2018,2017-11-10T19:30:00Z,Hvíti Riddarinn,KA,22,38
2018,2017-11-17T19:00:00Z,HK,KA,27,28
2018,2017-11-17T19:30:00Z,Þróttur,Stjarnan U,23,24
2018,2017-11-17T19:30:00Z,Akureyri,Hvíti Riddarinn,42,24
2018,2017-11-17T20:00:00Z,Mílan,Valur U,21,24
2018,2017-11-24T19:30:00Z,Stjarnan U,Haukar U,18,34
2018,2017-11-24T19:30:00Z,Þróttur,Hvíti Riddarinn,35,15
2018,2017-11-25T16:00:00Z,HK,Akureyri,19,29
2018,2017-11-25T18:30:00Z,Valur U,KA,23,25
2018,2017-12-02T15:00:00Z,Stjarnan U,Akureyri,25,26
2018,2017-12-02T16:00:00Z,Haukar U,ÍBV U,28,20
2018,2017-12-06T20:00:00Z,Hvíti Riddarinn,Stjarnan U,23,32
2018,2017-12-08T18:30:00Z,ÍBV U,KA,18,17
2018,2017-12-08T19:30:00Z,Þróttur,HK,32,26
2018,2017-12-08T20:00:00Z,Haukar U,Mílan,27,18
2018,2017-12-09T18:15:00Z,Valur U,Akureyri,18,18
2018,2018-01-12T19:30:00Z,Valur U,ÍBV U,24,21
2018,2018-01-19T19:30:00Z,ÍBV U,Mílan,33,18
2018,2018-01-24T20:00:00Z,Hvíti Riddarinn,Haukar U,15,33
2018,2018-01-26T18:00:00Z,Þróttur,Valur U,23,23
2018,2018-01-26T19:00:00Z,Akureyri,ÍBV U,34,23
2018,2018-01-27T15:45:00Z,KA,Mílan,31,12
2018,2018-01-29T19:30:00Z,Stjarnan U,HK,23,31
2018,2018-02-02T18:00:00Z,HK,Hvíti Riddarinn,29,20
2018,2018-02-02T19:30:00Z,ÍBV U,Þróttur,27,27
2018,2018-02-02T19:30:00Z,Valur U,Stjarnan U,20,17
2018,2018-02-03T16:15:00Z,Haukar U,KA,24,19
2018,2018-02-03T17:00:00Z,Mílan,Akureyri,15,33
2018,2018-02-13T19:30:00Z,Þróttur,Mílan,26,20
2018,2018-02-13T19:30:00Z,Hvíti Riddarinn,Valur U,22,27
2018,2018-02-13T19:30:00Z,HK,Haukar U,23,21
2018,2018-02-13T20:00:00Z,Akureyri,KA,24,20
2018,2018-02-16T19:30:00Z,ÍBV U,Hvíti Riddarinn,28,25
2018,2018-02-16T19:30:00Z,Valur U,HK,28,28
2018,2018-02-16T20:00:00Z,Mílan,Stjarnan U,18,23
2018,2018-02-16T20:15:00Z,KA,Þróttur,27,21
2018,2018-02-17T16:00:00Z,Haukar U,Akureyri,23,25
2018,2018-02-22T19:00:00Z,KA,Hvíti Riddarinn,33,16
2018,2018-02-22T20:30:00Z,ÍBV U,Valur U,29,22
2018,2018-02-23T20:00:00Z,Mílan,HK,20,29
2018,2018-02-24T13:30:00Z,Akureyri,Stjarnan U,10,0
2018,2018-02-24T16:00:00Z,Haukar U,Þróttur,29,30
2018,2018-02-28T20:00:00Z,Hvíti Riddarinn,Mílan,14,19
2018,2018-03-01T19:30:00Z,Valur U,Haukar U,21,21
2018,2018-03-02T18:00:00Z,HK,ÍBV U,34,23
2018,2018-03-02T19:30:00Z,Þróttur,Akureyri,24,24
2018,2018-03-03T15:00:00Z,Stjarnan U,KA,25,29
2018,2018-03-15T20:00:00Z,Hvíti Riddarinn,Akureyri,23,39
2018,2018-03-16T18:30:00Z,ÍBV U,Haukar U,22,25
2018,2018-03-16T19:30:00Z,Stjarnan U,Þróttur,27,28
2018,2018-03-16T19:30:00Z,Valur U,Mílan,27,15
2018,2018-03-17T14:00:00Z,KA,HK,23,22
2018,2018-03-18T21:00:00Z,ÍBV U,Stjarnan U,24,23
2018,2018-03-23T19:30:00Z,Akureyri,HK,26,20
2018,2018-03-23T19:30:00Z,Hvíti Riddarinn,Þróttur,21,34
2018,2018-03-23T19:30:00Z,KA,Valur U,26,22
2018,2018-03-23T19:30:00Z,Haukar U,Stjarnan U,26,24
2018,2018-03-27T19:30:00Z,Mílan,ÍBV U,35,28
2017,2016-09-16T18:30:00Z,ÍBV U,Þróttur,23,31
2017,2016-09-16T19:30:00Z,Fjölnir,Stjarnan U,36,22
2017,2016-09-16T20:00:00Z,KR,Víkingur,24,19
2017,2016-09-16T20:00:00Z,ÍR,Mílan,22,22
2017,2016-09-16T20:15:00Z,Hamrarnir,HK,17,16
2017,2016-09-17T14:00:00Z,Akureyri U,Valur U,29,23
2017,2016-09-23T18:00:00Z,HK,ÍBV U,10,0
2017,2016-09-23T19:30:00Z,Mílan,Hamrarnir,30,27
2017,2016-09-23T19:30:00Z,Stjarnan U,Valur U,30,30
2017,2016-09-23T20:00:00Z,Fjölnir,Akureyri U,33,25
2017,2016-09-24T14:00:00Z,Víkingur,Akureyri U,35,25
2017,2016-09-24T16:00:00Z,ÍR,Hamrarnir,29,26
2017,2016-09-27T20:00:00Z,Fjölnir,ÍR,27,25
2017,2016-09-30T18:30:00Z,ÍBV U,Mílan,37,33
2017,2016-09-30T19:00:00Z,Valur U,Víkingur,27,24
2017,2016-09-30T19:30:00Z,ÍR,Stjarnan U,28,19
2017,2016-09-30T20:00:00Z,KR,HK,26,31
2017,2016-09-30T20:15:00Z,Hamrarnir,Fjölnir,26,33
2017,2016-10-02T15:00:00Z,Akureyri U,Þróttur,0,10
2017,2016-10-07T19:30:00Z,Mílan,KR,22,23
2017,2016-10-07T19:30:00Z,Þróttur,Valur U,29,29
2017,2016-10-07T19:30:00Z,Stjarnan U,Víkingur,28,26
2017,2016-10-07T21:00:00Z,Fjölnir,ÍBV U,29,27
2017,2016-10-10T18:30:00Z,ÍBV U,ÍR,22,34
2017,2016-10-14T19:45:00Z,Víkingur,Þróttur,23,22
2017,2016-10-14T20:00:00Z,HK,Akureyri U,33,20
2017,2016-10-14T20:00:00Z,KR,Fjölnir,25,29
2017,2016-10-15T11:30:00Z,Mílan,Akureyri U,28,29
2017,2016-10-16T14:00:00Z,Hamrarnir,Stjarnan U,29,24
2017,2016-10-18T19:30:00Z,Þróttur,KR,28,25
2017,2016-10-18T19:30:00Z,Valur U,HK,26,27
2017,2016-10-21T19:30:00Z,ÍR,KR,27,27
2017,2016-10-21T19:30:00Z,Stjarnan U,Þróttur,27,26
2017,2016-10-21T19:30:00Z,Mílan,Valur U,23,31
2017,2016-10-21T20:00:00Z,HK,Víkingur,21,28
2017,2016-10-28T18:30:00Z,ÍBV U,Stjarnan U,25,28
2017,2016-10-28T19:30:00Z,Þróttur,HK,26,26
2017,2016-10-28T19:45:00Z,Víkingur,Mílan,26,17
2017,2016-10-28T20:00:00Z,KR,Hamrarnir,31,25
2017,2016-10-29T15:00:00Z,Akureyri U,ÍR,24,27
2017,2016-10-29T16:00:00Z,Valur U,Hamrarnir,28,24
2017,2016-11-11T18:00:00Z,Fjölnir,Víkingur,32,27
2017,2016-11-11T19:30:00Z,Stjarnan U,HK,20,32
2017,2016-11-11T19:30:00Z,ÍR,Valur U,35,21
2017,2016-11-12T15:30:00Z,ÍBV U,KR,25,35
2017,2016-11-13T19:30:00Z,Mílan,Þróttur,22,34
2017,2016-11-15T19:30:00Z,Valur U,Fjölnir,24,29
2017,2016-11-15T19:30:00Z,Hamrarnir,Akureyri U,24,25
2017,2016-11-18T19:30:00Z,Víkingur,ÍR,26,21
2017,2016-11-18T19:30:00Z,Þróttur,Fjölnir,30,39
2017,2016-11-18T19:30:00Z,HK,Mílan,35,24
2017,2016-11-18T20:00:00Z,KR,Stjarnan U,33,26
2017,2016-11-25T19:30:00Z,ÍR,Þróttur,33,28
2017,2016-11-25T19:30:00Z,Stjarnan U,Mílan,33,32
2017,2016-11-25T19:30:00Z,Fjölnir,HK,37,18
2017,2016-11-25T20:00:00Z,ÍBV U,Valur U,27,32
2017,2016-11-25T20:00:00Z,KR,Akureyri U,28,24
2017,2016-11-25T20:15:00Z,Hamrarnir,Víkingur,23,25
2017,2016-12-01T21:00:00Z,Valur U,KR,21,28
2017,2016-12-02T19:30:00Z,Þróttur,Hamrarnir,30,25
2017,2016-12-02T19:30:00Z,Mílan,Fjölnir,14,29
2017,2016-12-02T20:15:00Z,Víkingur,ÍBV U,27,22
2017,2016-12-03T14:00:00Z,HK,Hamrarnir,26,22
2017,2016-12-07T19:00:00Z,HK,ÍR,25,24
2017,2016-12-09T19:30:00Z,Stjarnan U,Fjölnir,24,35
2017,2016-12-09T19:30:00Z,Víkingur,KR,24,29
2017,2016-12-09T19:30:00Z,Valur U,Akureyri U,22,25
2017,2016-12-11T16:00:00Z,Þróttur,ÍBV U,10,0
2017,2016-12-11T19:30:00Z,Mílan,ÍR,29,31
2017,2016-12-14T19:30:00Z,Valur U,Stjarnan U,30,26
2017,2016-12-14T20:15:00Z,KR,Þróttur,37,27
2017,2016-12-16T18:30:00Z,ÍBV U,HK,24,29
2017,2016-12-16T19:30:00Z,ÍR,Fjölnir,26,30
2017,2016-12-17T14:00:00Z,Akureyri U,Víkingur,22,25
2017,2017-01-08T13:30:00Z,Akureyri U,Stjarnan U,27,27
2017,2017-01-13T20:30:00Z,Akureyri U,ÍBV U,26,25
2017,2017-01-14T12:00:00Z,ÍBV U,Akureyri U,30,23
2017,2017-01-20T20:20:00Z,Hamrarnir,ÍBV U,27,26
2017,2017-01-21T13:00:00Z,ÍBV U,Hamrarnir,30,27
2017,2017-01-21T14:00:00Z,Þróttur,Akureyri U,32,26
2017,2017-01-27T19:30:00Z,HK,KR,20,21
2017,2017-01-27T19:30:00Z,Stjarnan U,Hamrarnir,33,32
2017,2017-01-27T19:45:00Z,Víkingur,Valur U,26,25
2017,2017-01-27T20:30:00Z,Mílan,ÍBV U,27,34
2017,2017-01-28T16:30:00Z,Fjölnir,Hamrarnir,42,21
2017,2017-01-31T19:30:00Z,Stjarnan U,ÍR,23,23
2017,2017-02-03T19:30:00Z,Víkingur,Stjarnan U,25,24
2017,2017-02-03T20:00:00Z,KR,Mílan,28,18
2017,2017-02-03T20:00:00Z,Valur U,Þróttur,23,23
2017,2017-02-03T20:15:00Z,Hamrarnir,ÍR,27,41
2017,2017-02-04T13:30:00Z,ÍBV U,Fjölnir,29,35
2017,2017-02-11T13:30:00Z,Akureyri U,HK,31,31
2017,2017-02-17T19:30:00Z,Þróttur,Víkingur,26,23
2017,2017-02-17T19:30:00Z,ÍR,ÍBV U,37,24
2017,2017-02-17T20:00:00Z,HK,Valur U,29,21
2017,2017-02-17T20:15:00Z,Fjölnir,KR,29,25
2017,2017-02-17T21:45:00Z,Hamrarnir,Mílan,22,21
2017,2017-02-18T14:00:00Z,Akureyri U,Mílan,22,19
2017,2017-03-03T19:00:00Z,Þróttur,Stjarnan U,25,24
2017,2017-03-03T19:30:00Z,Valur U,Mílan,24,17
2017,2017-03-03T19:30:00Z,Víkingur,HK,29,26
2017,2017-03-03T20:15:00Z,KR,ÍR,26,33
2017,2017-03-04T14:00:00Z,Akureyri U,Fjölnir,26,36
2017,2017-03-10T19:30:00Z,ÍR,Akureyri U,35,24
2017,2017-03-10T19:30:00Z,HK,Þróttur,26,32
2017,2017-03-10T19:30:00Z,Mílan,Víkingur,26,28
2017,2017-03-10T20:15:00Z,Stjarnan U,ÍBV U,29,28
2017,2017-03-10T20:15:00Z,Fjölnir,Valur U,28,29
2017,2017-03-10T20:15:00Z,Hamrarnir,KR,28,41
2017,2017-03-17T18:30:00Z,Þróttur,Mílan,30,18
2017,2017-03-17T19:30:00Z,Valur U,ÍR,24,31
2017,2017-03-17T19:30:00Z,HK,Stjarnan U,31,29
2017,2017-03-17T19:30:00Z,Víkingur,Fjölnir,30,24
2017,2017-03-17T20:00:00Z,Akureyri U,Hamrarnir,30,26
2017,2017-03-17T21:45:00Z,KR,ÍBV U,30,27
2017,2017-03-24T19:30:00Z,Fjölnir,Þróttur,31,31
2017,2017-03-24T19:30:00Z,Mílan,HK,20,26
2017,2017-03-24T19:30:00Z,Stjarnan U,KR,34,30
2017,2017-03-24T20:00:00Z,ÍR,Víkingur,27,21
2017,2017-03-24T20:15:00Z,Hamrarnir,Valur U,25,30
2017,2017-03-30T19:30:00Z,Mílan,Stjarnan U,12,26
2017,2017-03-31T17:45:00Z,Akureyri U,KR,34,30
2017,2017-03-31T19:30:00Z,Þróttur,ÍR,26,34
2017,2017-03-31T19:30:00Z,Víkingur,Hamrarnir,30,28
2017,2017-03-31T19:30:00Z,HK,Fjölnir,34,22
2017,2017-03-31T21:45:00Z,Valur U,ÍBV U,24,23
2017,2017-04-07T19:30:00Z,Stjarnan U,Akureyri U,35,30
2017,2017-04-07T19:30:00Z,ÍR,HK,31,21
2017,2017-04-07T19:30:00Z,Hamrarnir,Þróttur,22,23
2017,2017-04-07T19:30:00Z,ÍBV U,Víkingur,0,10
2017,2017-04-07T19:30:00Z,Fjölnir,Mílan,32,21
2017,2017-04-08T14:00:00Z,KR,Valur U,28,21
2016,2015-09-18T19:30:00Z,Stjarnan,Selfoss,33,27
2016,2015-09-18T19:30:00Z,HK,KR,30,21
2016,2015-09-18T19:30:00Z,Mílan,Fjölnir,24,22
2016,2015-09-18T20:00:00Z,ÍH,Þróttur,25,27
2016,2015-09-25T19:30:00Z,Þróttur,Stjarnan,18,31
2016,2015-09-25T19:30:00Z,HK,Mílan,26,35
2016,2015-09-25T20:30:00Z,KR,Selfoss,20,24
2016,2015-09-26T16:15:00Z,Fjölnir,ÍH,31,20
2016,2015-10-02T19:00:00Z,Selfoss,Þróttur,23,17
2016,2015-10-02T20:00:00Z,ÍH,HK,29,39
2016,2015-10-02T20:00:00Z,Stjarnan,Fjölnir,25,20
2016,2015-10-02T21:00:00Z,Mílan,KR,27,16
2016,2015-10-08T20:00:00Z,Fjölnir,Selfoss,29,21
2016,2015-10-09T19:30:00Z,Mílan,ÍH,24,25
2016,2015-10-09T20:30:00Z,KR,Þróttur,22,26
2016,2015-10-10T13:30:00Z,HK,Stjarnan,27,39
2016,2015-10-16T19:30:00Z,Selfoss,HK,30,24
2016,2015-10-16T19:30:00Z,Stjarnan,Mílan,28,18
2016,2015-10-16T19:30:00Z,Þróttur,Fjölnir,24,32
2016,2015-10-16T20:00:00Z,ÍH,KR,33,24
2016,2015-10-23T19:30:00Z,Mílan,Selfoss,16,26
2016,2015-10-23T19:30:00Z,HK,Þróttur,28,30
2016,2015-10-23T20:30:00Z,ÍH,Stjarnan,19,41
2016,2015-10-23T20:30:00Z,KR,Fjölnir,17,29
2016,2015-10-29T19:30:00Z,Stjarnan,KR,41,20
2016,2015-10-29T20:00:00Z,Fjölnir,HK,31,24
2016,2015-10-30T19:30:00Z,Selfoss,ÍH,34,32
2016,2015-10-30T19:30:00Z,Þróttur,Mílan,26,23
2016,2015-11-10T19:30:00Z,Þróttur,ÍH,28,26
2016,2015-11-13T19:30:00Z,Selfoss,Stjarnan,32,24
2016,2015-11-13T19:30:00Z,Fjölnir,Mílan,22,21
2016,2015-11-13T20:30:00Z,KR,HK,21,22
2016,2015-11-20T19:00:00Z,Selfoss,KR,31,24
2016,2015-11-20T19:30:00Z,Stjarnan,Þróttur,32,25
2016,2015-11-20T20:30:00Z,ÍH,Fjölnir,18,30
2016,2015-11-20T21:00:00Z,Mílan,HK,25,29
2016,2015-11-26T20:00:00Z,Fjölnir,Stjarnan,20,26
2016,2015-11-27T19:30:00Z,Þróttur,Selfoss,23,25
2016,2015-11-27T19:30:00Z,HK,ÍH,39,32
2016,2015-11-27T20:30:00Z,KR,Mílan,24,26
2016,2015-12-04T19:30:00Z,Stjarnan,HK,34,26
2016,2015-12-04T19:30:00Z,Selfoss,Fjölnir,26,28
2016,2015-12-04T19:30:00Z,Þróttur,KR,23,23
2016,2015-12-04T20:00:00Z,ÍH,Mílan,29,30
2016,2015-12-11T19:30:00Z,HK,Selfoss,31,35
2016,2015-12-11T19:30:00Z,Fjölnir,Þróttur,32,20
2016,2015-12-11T20:30:00Z,KR,ÍH,26,24
2016,2015-12-13T19:30:00Z,Mílan,Stjarnan,23,32
2016,2015-12-18T19:30:00Z,Selfoss,Mílan,30,27
2016,2015-12-18T19:30:00Z,Þróttur,HK,31,24
2016,2015-12-18T19:30:00Z,Fjölnir,KR,29,19
2016,2015-12-18T19:30:00Z,Stjarnan,ÍH,34,22
2016,2016-02-05T19:30:00Z,HK,Fjölnir,31,35
2016,2016-02-05T19:30:00Z,Mílan,Þróttur,29,29
2016,2016-02-05T20:00:00Z,ÍH,Selfoss,23,38
2016,2016-02-05T20:30:00Z,KR,Stjarnan,15,32
2016,2016-02-12T19:30:00Z,Fjölnir,ÍH,41,28
2016,2016-02-12T19:30:00Z,Selfoss,HK,31,18
2016,2016-02-12T20:30:00Z,KR,Mílan,22,31
2016,2016-02-15T19:30:00Z,Þróttur,Stjarnan,21,36
2016,2016-02-19T19:30:00Z,Selfoss,KR,27,18
2016,2016-02-19T19:30:00Z,Stjarnan,HK,29,26
2016,2016-02-19T20:30:00Z,Fjölnir,Þróttur,30,23
2016,2016-02-19T21:00:00Z,ÍH,Mílan,23,22
2016,2016-03-03T19:30:00Z,Þróttur,ÍH,33,27
2016,2016-03-04T19:30:00Z,Mílan,Selfoss,22,34
2016,2016-03-04T20:30:00Z,KR,Stjarnan,20,26
2016,2016-03-06T16:00:00Z,HK,Fjölnir,30,26
2016,2016-03-11T19:30:00Z,Stjarnan,Mílan,36,21
2016,2016-03-11T19:30:00Z,ÍH,Selfoss,25,29
2016,2016-03-11T19:30:00Z,Þróttur,HK,26,30
2016,2016-03-11T19:30:00Z,Fjölnir,KR,32,26
2016,2016-03-18T19:00:00Z,Mílan,Fjölnir,17,33
2016,2016-03-18T19:30:00Z,HK,ÍH,36,31
2016,2016-03-18T20:30:00Z,KR,Þróttur,15,23
2016,2016-03-18T21:00:00Z,Selfoss,Stjarnan,36,35
2016,2016-03-23T19:30:00Z,Þróttur,Mílan,30,22
2016,2016-03-28T19:30:00Z,Stjarnan,ÍH,36,29
2016,2016-03-28T19:30:00Z,Fjölnir,Selfoss,28,25
2016,2016-03-28T19:30:00Z,HK,KR,31,22
2016,2016-03-30T21:30:00Z,Mílan,HK,18,27
2016,2016-04-01T19:30:00Z,Stjarnan,Fjölnir,29,32
2016,2016-04-01T19:30:00Z,Selfoss,Þróttur,33,24
2016,2016-04-01T20:15:00Z,ÍH,KR,25,24
2015,2014-09-19T19:30:00Z,Fjölnir,ÍH,24,19
2015,2014-09-19T20:00:00Z,Grótta,Þróttur,33,18
2015,2014-09-19T20:00:00Z,Selfoss,Hamrarnir,29,20
2015,2014-09-20T14:00:00Z,Mílan,Hamrarnir,21,15
2015,2014-09-20T14:00:00Z,Víkingur,KR,28,20
2015,2014-09-26T19:30:00Z,Þróttur,Fjölnir,22,27
2015,2014-09-26T20:00:00Z,Selfoss,Víkingur,20,24
2015,2014-09-26T20:15:00Z,ÍH,Mílan,24,23
2015,2014-09-28T19:30:00Z,KR,Grótta,18,21
2015,2014-10-03T19:30:00Z,Mílan,Þróttur,24,24
2015,2014-10-03T19:30:00Z,Fjölnir,KR,22,18
2015,2014-10-03T20:00:00Z,Grótta,Selfoss,27,24
2015,2014-10-05T13:00:00Z,Hamrarnir,ÍH,27,22
2015,2014-10-07T19:30:00Z,Víkingur,Grótta,22,25
2015,2014-10-10T19:30:00Z,KR,Mílan,30,27
2015,2014-10-10T20:00:00Z,Þróttur,Hamrarnir,23,25
2015,2014-10-10T20:00:00Z,Selfoss,Fjölnir,29,22
2015,2014-10-11T16:30:00Z,ÍH,Hamrarnir,19,22
2015,2014-10-14T19:30:00Z,Fjölnir,Víkingur,22,26
2015,2014-10-14T19:30:00Z,Hamrarnir,KR,26,25
2015,2014-10-14T19:30:00Z,Selfoss,Mílan,28,23
2015,2014-10-14T20:30:00Z,ÍH,Þróttur,33,24
2015,2014-10-17T19:30:00Z,Grótta,Fjölnir,29,16
2015,2014-10-17T19:30:00Z,Víkingur,Mílan,27,13
2015,2014-10-19T19:30:00Z,KR,ÍH,26,25
2015,2014-10-24T19:30:00Z,Þróttur,KR,26,31
2015,2014-10-24T20:15:00Z,ÍH,Selfoss,16,21
2015,2014-10-25T16:00:00Z,Hamrarnir,Víkingur,21,32
2015,2014-10-26T20:00:00Z,Mílan,Grótta,24,34
2015,2014-11-06T19:30:00Z,Víkingur,ÍH,39,16
2015,2014-11-06T20:00:00Z,Selfoss,Þróttur,41,23
2015,2014-11-07T19:30:00Z,Fjölnir,Mílan,28,23
2015,2014-11-07T19:30:00Z,KR,Hamrarnir,26,27
2015,2014-11-08T15:30:00Z,Grótta,Hamrarnir,29,24
2015,2014-11-14T19:30:00Z,Þróttur,Víkingur,26,38
2015,2014-11-14T20:15:00Z,ÍH,Grótta,19,41
2015,2014-11-15T13:30:00Z,Hamrarnir,Fjölnir,18,19
2015,2014-11-16T17:00:00Z,KR,Selfoss,26,26
2015,2014-11-21T19:15:00Z,Hamrarnir,Mílan,30,17
2015,2014-11-21T19:30:00Z,KR,Víkingur,19,23
2015,2014-11-21T19:30:00Z,Þróttur,Grótta,21,39
2015,2014-11-21T20:15:00Z,ÍH,Fjölnir,23,28
2015,2014-11-23T19:30:00Z,Víkingur,Selfoss,25,17
2015,2014-11-25T19:30:00Z,Mílan,ÍH,25,22
2015,2014-11-25T19:30:00Z,Fjölnir,Þróttur,35,19
2015,2014-11-28T19:30:00Z,Þróttur,Mílan,26,25
2015,2014-11-28T20:00:00Z,Selfoss,Grótta,17,34
2015,2014-11-30T19:30:00Z,KR,Fjölnir,26,25
2015,2014-12-05T17:30:00Z,Hamrarnir,Þróttur,27,20
2015,2014-12-05T20:15:00Z,Fjölnir,Selfoss,23,23
2015,2014-12-06T16:30:00Z,Mílan,KR,24,25
2015,2014-12-09T19:30:00Z,Grótta,Víkingur,26,24
2015,2014-12-11T19:30:00Z,Mílan,Selfoss,19,24
2015,2014-12-11T20:30:00Z,Þróttur,ÍH,32,29
2015,2014-12-12T19:30:00Z,Víkingur,Fjölnir,33,26
2015,2014-12-15T19:30:00Z,Grótta,KR,20,20
2015,2014-12-18T20:30:00Z,ÍH,KR,30,39
2015,2014-12-19T19:30:00Z,Fjölnir,Grótta,28,33
2015,2014-12-19T20:00:00Z,Mílan,Víkingur,26,31
2015,2015-01-11T15:00:00Z,Hamrarnir,Selfoss,24,24
2015,2015-01-15T19:30:00Z,Grótta,Mílan,37,22
2015,2015-01-15T20:15:00Z,Selfoss,ÍH,33,19
2015,2015-01-16T19:30:00Z,Fjölnir,Hamrarnir,28,22
2015,2015-01-16T20:00:00Z,KR,Þróttur,30,20
2015,2015-01-17T14:00:00Z,Víkingur,Hamrarnir,26,18
2015,2015-01-23T18:30:00Z,Þróttur,Selfoss,21,28
2015,2015-01-23T20:15:00Z,ÍH,Víkingur,20,33
2015,2015-01-25T13:00:00Z,Hamrarnir,Grótta,21,22
2015,2015-01-25T20:00:00Z,Mílan,Fjölnir,25,31
2015,2015-01-29T19:30:00Z,Grótta,ÍH,31,27
2015,2015-01-29T20:00:00Z,Selfoss,KR,24,18
2015,2015-01-30T19:30:00Z,Víkingur,Þróttur,30,10
2015,2015-02-06T19:30:00Z,Víkingur,Þróttur,37,23
2015,2015-02-08T19:30:00Z,Mílan,KR,27,27
2015,2015-02-08T19:30:00Z,Grótta,Fjölnir,27,21
2015,2015-02-12T20:30:00Z,Þróttur,Mílan,17,26
2015,2015-02-13T19:30:00Z,Fjölnir,Selfoss,25,18
2015,2015-02-13T20:15:00Z,KR,ÍH,25,20
2015,2015-02-15T16:00:00Z,Hamrarnir,Grótta,20,26
2015,2015-02-20T19:30:00Z,Grótta,KR,31,22
2015,2015-02-20T20:00:00Z,Selfoss,Hamrarnir,27,22
2015,2015-02-21T14:00:00Z,Víkingur,Hamrarnir,30,17
2015,2015-02-21T15:00:00Z,ÍH,Þróttur,23,28
2015,2015-02-25T20:30:00Z,Mílan,Víkingur,16,30
2015,2015-02-27T20:15:00Z,ÍH,Hamrarnir,22,24
2015,2015-03-05T19:30:00Z,Víkingur,ÍH,35,17
2015,2015-03-05T20:30:00Z,Þróttur,Grótta,19,40
2015,2015-03-06T20:15:00Z,KR,Selfoss,28,26
2015,2015-03-07T14:00:00Z,Hamrarnir,Fjölnir,20,34
2015,2015-03-12T19:30:00Z,Grótta,ÍH,40,22
2015,2015-03-13T19:30:00Z,Fjölnir,Víkingur,20,26
2015,2015-03-13T19:30:00Z,Hamrarnir,Þróttur,28,22
2015,2015-03-13T20:00:00Z,Selfoss,Mílan,30,19
2015,2015-03-15T18:45:00Z,ÍH,Selfoss,22,32
2015,2015-03-17T19:00:00Z,Þróttur,KR,25,21
2015,2015-03-17T20:15:00Z,Mílan,Fjölnir,23,30
2015,2015-03-20T19:30:00Z,Fjölnir,ÍH,33,16
2015,2015-03-20T20:00:00Z,Selfoss,Grótta,20,26
2015,2015-03-20T20:15:00Z,KR,Víkingur,22,25
2015,2015-03-22T15:30:00Z,Hamrarnir,Mílan,25,17
2015,2015-03-27T19:30:00Z,Víkingur,Selfoss,27,24
2015,2015-03-27T19:30:00Z,Mílan,Grótta,22,29
2015,2015-03-27T19:30:00Z,KR,Hamrarnir,25,26
2015,2015-03-27T19:30:00Z,Þróttur,Fjölnir,23,29
2015,2015-04-01T19:30:00Z,Fjölnir,KR,38,22
2015,2015-04-01T19:30:00Z,Grótta,Víkingur,27,24
2015,2015-04-01T19:30:00Z,ÍH,Mílan,22,31
2015,2015-04-01T19:30:00Z,Selfoss,Þróttur,38,24
2014,2013-09-20T19:00:00Z,Afturelding,Grótta,25,19
2014,2013-09-20T19:30:00Z,Fylkir,Selfoss,25,35
2014,2013-09-20T20:15:00Z,Fjölnir,Víkingur,30,25
2014,2013-09-22T17:00:00Z,Þróttur,ÍH,23,29
2014,2013-09-27T19:30:00Z,Víkingur,Afturelding,14,24
2014,2013-09-27T19:30:00Z,Grótta,Fylkir,33,23
2014,2013-09-27T20:15:00Z,KR,Stjarnan,17,23
2014,2013-09-28T16:00:00Z,Hamrarnir,Þróttur,0,10
2014,2013-09-28T16:00:00Z,ÍH,Fjölnir,26,21
2014,2013-10-03T19:30:00Z,Fylkir,Víkingur,26,27
2014,2013-10-04T19:00:00Z,Þróttur,KR,23,29
2014,2013-10-04T19:00:00Z,Afturelding,ÍH,22,21
2014,2013-10-04T20:00:00Z,Selfoss,Grótta,25,25
2014,2013-10-05T13:30:00Z,Stjarnan,Hamrarnir,28,18
2014,2013-10-11T19:30:00Z,Víkingur,Selfoss,24,27
2014,2013-10-11T19:30:00Z,Stjarnan,Þróttur,38,20
2014,2013-10-12T13:30:00Z,KR,Fjölnir,26,24
2014,2013-10-12T16:00:00Z,ÍH,Fylkir,36,23
2014,2013-10-13T15:00:00Z,Hamrarnir,Afturelding,26,28
2014,2013-10-17T19:30:00Z,Fjölnir,Stjarnan,17,27
2014,2013-10-18T19:00:00Z,Afturelding,KR,25,19
2014,2013-10-18T19:30:00Z,Grótta,Víkingur,27,25
2014,2013-10-18T19:30:00Z,Fylkir,Hamrarnir,28,29
2014,2013-10-18T20:00:00Z,Selfoss,ÍH,22,17
2014,2013-10-19T13:30:00Z,Þróttur,Hamrarnir,26,21
2014,2013-10-25T19:30:00Z,Þróttur,Fjölnir,23,24
2014,2013-10-25T19:30:00Z,Stjarnan,Afturelding,26,28
2014,2013-10-25T20:30:00Z,KR,Fylkir,24,24
2014,2013-10-26T16:00:00Z,ÍH,Grótta,22,30
2014,2013-10-26T16:00:00Z,Hamrarnir,Selfoss,29,35
2014,2013-11-08T19:30:00Z,Fjölnir,Hamrarnir,25,24
2014,2013-11-08T19:30:00Z,Víkingur,ÍH,27,26
2014,2013-11-08T19:30:00Z,Fylkir,Stjarnan,17,39
2014,2013-11-08T20:00:00Z,Selfoss,KR,22,19
2014,2013-11-08T20:00:00Z,Afturelding,Þróttur,28,17
2014,2013-11-09T14:00:00Z,Grótta,Hamrarnir,27,23
2014,2013-11-14T19:30:00Z,Fjölnir,Afturelding,21,32
2014,2013-11-14T19:30:00Z,Stjarnan,Selfoss,25,22
2014,2013-11-14T19:30:00Z,Grótta,KR,23,18
2014,2013-11-14T19:30:00Z,Fylkir,Þróttur,24,25
2014,2013-11-16T18:00:00Z,Hamrarnir,Víkingur,19,22
2014,2013-11-21T19:30:00Z,Víkingur,KR,20,22
2014,2013-11-22T20:00:00Z,Grótta,Stjarnan,28,29
2014,2013-11-22T20:00:00Z,Selfoss,Þróttur,33,20
2014,2013-11-22T20:00:00Z,Afturelding,Hamrarnir,22,18
2014,2013-11-23T15:30:00Z,ÍH,Hamrarnir,26,20
2014,2013-11-25T19:30:00Z,Fylkir,Fjölnir,31,29
2014,2013-11-29T19:00:00Z,Afturelding,Fylkir,31,22
2014,2013-11-29T19:30:00Z,Þróttur,Grótta,24,26
2014,2013-11-29T19:30:00Z,Stjarnan,Víkingur,31,25
2014,2013-11-29T19:30:00Z,Fjölnir,Selfoss,25,33
2014,2013-11-30T17:00:00Z,KR,ÍH,24,23
2014,2013-12-06T19:30:00Z,Grótta,Fjölnir,32,21
2014,2013-12-06T19:30:00Z,Víkingur,Þróttur,34,22
2014,2013-12-06T20:00:00Z,Selfoss,Afturelding,20,24
2014,2013-12-07T16:00:00Z,ÍH,Stjarnan,25,32
2014,2013-12-07T18:00:00Z,Hamrarnir,KR,21,24
2014,2014-01-24T19:30:00Z,Grótta,Afturelding,19,24
2014,2014-01-24T19:30:00Z,Víkingur,Fjölnir,25,19
2014,2014-01-24T20:00:00Z,Selfoss,Fylkir,36,20
2014,2014-01-25T16:00:00Z,ÍH,Þróttur,26,25
2014,2014-01-25T18:15:00Z,Hamrarnir,Stjarnan,21,39
2014,2014-01-31T19:00:00Z,Afturelding,Víkingur,24,20
2014,2014-01-31T19:30:00Z,Fjölnir,ÍH,19,25
2014,2014-01-31T19:30:00Z,Fylkir,Grótta,25,30
2014,2014-01-31T19:30:00Z,Stjarnan,KR,26,21
2014,2014-02-06T19:30:00Z,Víkingur,Fylkir,29,18
2014,2014-02-07T20:00:00Z,Grótta,Selfoss,20,23
2014,2014-02-08T16:30:00Z,Hamrarnir,Fjölnir,23,16
2014,2014-02-08T17:00:00Z,KR,Þróttur,37,22
2014,2014-02-14T18:30:00Z,Þróttur,Stjarnan,22,36
2014,2014-02-14T19:30:00Z,Fylkir,ÍH,23,32
2014,2014-02-14T19:30:00Z,Fjölnir,KR,22,22
2014,2014-02-14T20:00:00Z,Selfoss,Víkingur,32,27
2014,2014-02-21T19:30:00Z,Víkingur,Grótta,28,28
2014,2014-02-21T19:30:00Z,Stjarnan,Fjölnir,34,23
2014,2014-02-21T20:15:00Z,KR,Afturelding,23,29
2014,2014-02-22T16:00:00Z,ÍH,Selfoss,27,30
2014,2014-02-22T18:00:00Z,Hamrarnir,Fylkir,36,25
2014,2014-03-07T19:00:00Z,Afturelding,Stjarnan,22,24
2014,2014-03-07T19:30:00Z,Fjölnir,Þróttur,23,23
2014,2014-03-07T19:30:00Z,Fylkir,KR,28,29
2014,2014-03-07T20:00:00Z,Selfoss,Hamrarnir,37,21
2014,2014-03-07T20:00:00Z,Grótta,ÍH,25,26
2014,2014-03-08T13:30:00Z,Víkingur,Hamrarnir,32,33
2014,2014-03-14T18:30:00Z,Þróttur,Afturelding,18,41
2014,2014-03-14T19:30:00Z,Stjarnan,Fylkir,35,18
2014,2014-03-14T20:15:00Z,KR,Selfoss,21,22
2014,2014-03-15T15:30:00Z,ÍH,Víkingur,20,30
2014,2014-03-15T16:00:00Z,Hamrarnir,Grótta,24,32
2014,2014-03-18T20:30:00Z,ÍH,Afturelding,20,21
2014,2014-03-21T18:30:00Z,Þróttur,Fylkir,27,27
2014,2014-03-21T19:00:00Z,Afturelding,Fjölnir,31,21
2014,2014-03-21T20:00:00Z,Selfoss,Stjarnan,31,25
2014,2014-03-21T20:15:00Z,KR,Grótta,19,20
2014,2014-03-28T19:30:00Z,Fjölnir,Fylkir,30,16
2014,2014-03-28T19:30:00Z,Stjarnan,Grótta,33,20
2014,2014-03-28T19:30:00Z,Þróttur,Selfoss,21,34
2014,2014-03-28T20:00:00Z,KR,Víkingur,31,29
2014,2014-03-29T16:00:00Z,Hamrarnir,ÍH,29,25
2014,2014-04-11T19:30:00Z,Víkingur,Stjarnan,24,34
2014,2014-04-11T19:30:00Z,Selfoss,Fjölnir,29,23
2014,2014-04-11T19:30:00Z,ÍH,KR,24,26
2014,2014-04-11T19:30:00Z,Grótta,Þróttur,31,22
2014,2014-04-11T19:30:00Z,Fylkir,Afturelding,20,37
2014,2014-04-15T19:30:00Z,Afturelding,Selfoss,25,23
2014,2014-04-15T19:30:00Z,Þróttur,Víkingur,26,31
2014,2014-04-15T19:30:00Z,Stjarnan,ÍH,36,22
2014,2014-04-15T19:30:00Z,KR,Hamrarnir,29,32
2014,2014-04-15T19:30:00Z,Fjölnir,Grótta,20,28
2013,2012-09-28T19:30:00Z,Grótta,Selfoss,24,25
2013,2012-09-28T19:30:00Z,Fylkir,Fjölnir,24,24
2013,2012-09-28T19:30:00Z,Þróttur,Víkingur,20,35
2013,2012-09-29T15:00:00Z,ÍBV,Stjarnan,22,22
2013,2012-10-04T18:00:00Z,Víkingur,ÍBV,23,22
2013,2012-10-05T19:30:00Z,Fjölnir,Þróttur,27,29
2013,2012-10-05T19:30:00Z,Stjarnan,Grótta,34,24
2013,2012-10-05T19:30:00Z,Selfoss,Fylkir,29,14
2013,2012-10-12T19:30:00Z,Grótta,Víkingur,24,25
2013,2012-10-12T19:30:00Z,Fylkir,Þróttur,24,29
2013,2012-10-12T19:30:00Z,Selfoss,Stjarnan,23,26
2013,2012-10-14T15:00:00Z,ÍBV,Fjölnir,42,24
2013,2012-10-16T20:00:00Z,Fjölnir,Grótta,23,32
2013,2012-10-18T19:30:00Z,Stjarnan,Fylkir,36,23
2013,2012-10-19T19:30:00Z,Víkingur,Selfoss,23,25
2013,2012-10-20T13:30:00Z,Þróttur,ÍBV,17,36
2013,2012-10-25T19:30:00Z,Stjarnan,Víkingur,25,25
2013,2012-10-26T19:30:00Z,Fylkir,ÍBV,26,34
2013,2012-10-26T19:30:00Z,Selfoss,Fjölnir,27,21
2013,2012-10-26T19:30:00Z,Grótta,Þróttur,23,18
2013,2012-11-08T19:00:00Z,Víkingur,Fylkir,28,23
2013,2012-11-09T19:30:00Z,Þróttur,Selfoss,19,35
2013,2012-11-09T19:30:00Z,Fjölnir,Stjarnan,24,28
2013,2012-11-10T15:00:00Z,ÍBV,Grótta,35,18
2013,2012-11-16T19:30:00Z,Stjarnan,Þróttur,43,24
2013,2012-11-16T19:30:00Z,Víkingur,Fjölnir,28,20
2013,2012-11-16T19:30:00Z,Selfoss,ÍBV,26,32
2013,2012-11-16T20:00:00Z,Fylkir,Grótta,25,41
2013,2012-11-22T19:30:00Z,Víkingur,Þróttur,25,23
2013,2012-11-23T19:30:00Z,Selfoss,Grótta,29,31
2013,2012-11-23T20:30:00Z,Fjölnir,Fylkir,31,23
2013,2012-11-24T13:30:00Z,Stjarnan,ÍBV,21,21
2013,2012-11-28T19:30:00Z,Grótta,Stjarnan,29,31
2013,2012-11-29T18:30:00Z,Þróttur,Fjölnir,19,24
2013,2012-11-30T19:30:00Z,Fylkir,Selfoss,25,35
2013,2012-12-01T13:30:00Z,ÍBV,Víkingur,23,22
2013,2012-12-07T19:30:00Z,Stjarnan,Selfoss,31,20
2013,2012-12-07T19:30:00Z,Þróttur,Fylkir,21,24
2013,2012-12-07T19:30:00Z,Víkingur,Grótta,20,24
2013,2012-12-08T13:30:00Z,Fjölnir,ÍBV,18,40
2013,2012-12-14T19:30:00Z,Grótta,Fjölnir,27,29
2013,2012-12-14T19:30:00Z,Selfoss,Víkingur,15,33
2013,2012-12-14T19:30:00Z,Fylkir,Stjarnan,21,39
2013,2012-12-15T13:00:00Z,ÍBV,Þróttur,41,34
2013,2013-01-31T18:30:00Z,Þróttur,Grótta,22,31
2013,2013-02-01T19:30:00Z,Víkingur,Stjarnan,24,18
2013,2013-02-01T19:30:00Z,Fjölnir,Selfoss,18,27
2013,2013-02-02T13:30:00Z,ÍBV,Fylkir,35,19
2013,2013-02-07T19:30:00Z,Fylkir,Víkingur,16,31
2013,2013-02-08T19:30:00Z,Selfoss,Þróttur,35,23
2013,2013-02-08T19:30:00Z,Stjarnan,Fjölnir,35,22
2013,2013-02-09T13:30:00Z,Grótta,ÍBV,24,25
2013,2013-02-14T18:30:00Z,Þróttur,Stjarnan,24,22
2013,2013-02-15T19:30:00Z,Fjölnir,Víkingur,19,27
2013,2013-02-15T19:30:00Z,Grótta,Fylkir,27,25
2013,2013-02-16T13:30:00Z,ÍBV,Selfoss,26,25
2013,2013-02-19T18:00:00Z,Selfoss,ÍBV,25,25
2013,2013-02-19T19:30:00Z,Víkingur,Þróttur,31,26
2013,2013-02-19T20:00:00Z,Fylkir,Grótta,18,25
2013,2013-02-19T20:00:00Z,Stjarnan,Fjölnir,33,20
2013,2013-02-22T19:30:00Z,Víkingur,Selfoss,27,23
2013,2013-02-22T19:30:00Z,Stjarnan,Fylkir,32,22
2013,2013-02-23T13:30:00Z,ÍBV,Fjölnir,40,20
2013,2013-02-26T18:30:00Z,Þróttur,Grótta,29,34
2013,2013-02-26T19:30:00Z,Selfoss,Fjölnir,33,18
2013,2013-03-01T19:30:00Z,Fylkir,ÍBV,16,38
2013,2013-03-01T19:30:00Z,Grótta,Stjarnan,26,19
2013,2013-03-01T19:30:00Z,Selfoss,Þróttur,25,21
2013,2013-03-01T19:30:00Z,Fjölnir,Víkingur,14,26
2013,2013-03-03T16:30:00Z,Þróttur,Stjarnan,20,31
2013,2013-03-05T18:00:00Z,ÍBV,Grótta,32,23
2013,2013-03-05T19:30:00Z,Víkingur,Fylkir,36,29
2013,2013-03-12T19:30:00Z,Grótta,Víkingur,29,25
2013,2013-03-12T19:30:00Z,Fylkir,Selfoss,18,28
2013,2013-03-12T19:30:00Z,Fjölnir,Þróttur,20,24
2013,2013-03-15T19:30:00Z,ÍBV,Þróttur,25,14
2013,2013-03-15T19:30:00Z,Fjölnir,Fylkir,23,23
2013,2013-03-15T19:30:00Z,Víkingur,Stjarnan,18,28
2013,2013-03-15T19:30:00Z,Selfoss,Grótta,23,24
2013,2013-03-18T18:30:00Z,Stjarnan,ÍBV,24,27
2013,2013-03-21T18:30:00Z,Þróttur,Fylkir,33,27
2013,2013-03-22T19:30:00Z,Grótta,Fjölnir,35,19
2013,2013-03-22T19:30:00Z,Stjarnan,Selfoss,33,23
2013,2013-03-22T19:30:00Z,ÍBV,Víkingur,26,18
2012,2011-09-30T19:30:00Z,Víkingur,Fjölnir,26,23
2012,2011-09-30T20:00:00Z,Stjarnan,Selfoss,29,23
2012,2011-10-02T13:00:00Z,ÍBV,ÍR,30,27
2012,2011-10-06T18:30:00Z,Selfoss,ÍBV,24,37
2012,2011-10-07T19:30:00Z,Fjölnir,ÍR,15,35
2012,2011-10-07T19:30:00Z,Víkingur,Stjarnan,26,24
2012,2011-10-14T19:30:00Z,ÍR,Selfoss,27,27
2012,2011-10-14T20:00:00Z,Stjarnan,Fjölnir,35,22
2012,2011-10-15T15:00:00Z,ÍBV,Víkingur,22,19
2012,2011-10-21T19:30:00Z,Víkingur,ÍR,20,22
2012,2011-10-21T19:30:00Z,Fjölnir,Selfoss,19,26
2012,2011-10-23T13:00:00Z,Stjarnan,ÍBV,28,31
2012,2011-10-28T19:30:00Z,Selfoss,Víkingur,29,32
2012,2011-10-28T19:30:00Z,ÍR,Stjarnan,35,35
2012,2011-10-30T13:30:00Z,ÍBV,Fjölnir,31,19
2012,2011-11-11T19:30:00Z,ÍR,ÍBV,36,31
2012,2011-11-11T19:30:00Z,Selfoss,Stjarnan,25,27
2012,2011-11-11T19:30:00Z,Fjölnir,Víkingur,19,30
2012,2011-11-17T18:30:00Z,ÍR,Fjölnir,22,20
2012,2011-11-18T20:00:00Z,Stjarnan,Víkingur,25,23
2012,2011-11-19T15:00:00Z,ÍBV,Selfoss,35,32
2012,2011-11-25T19:30:00Z,Fjölnir,Stjarnan,25,30
2012,2011-11-25T19:30:00Z,Selfoss,ÍR,26,27
2012,2011-11-26T13:00:00Z,Víkingur,ÍBV,25,18
2012,2011-12-02T19:30:00Z,Selfoss,Fjölnir,37,19
2012,2011-12-02T19:30:00Z,ÍR,Víkingur,31,30
2012,2011-12-03T14:00:00Z,ÍBV,Stjarnan,27,29
2012,2011-12-09T19:30:00Z,Stjarnan,ÍR,30,31
2012,2011-12-09T19:30:00Z,Víkingur,Selfoss,22,22
2012,2011-12-10T13:00:00Z,Fjölnir,ÍBV,23,27
2012,2011-12-16T19:30:00Z,Stjarnan,Selfoss,26,26
2012,2011-12-16T19:30:00Z,Víkingur,Fjölnir,34,16
2012,2011-12-17T13:00:00Z,ÍBV,ÍR,27,34
2012,2012-02-03T19:30:00Z,Víkingur,Stjarnan,33,27
2012,2012-02-03T19:30:00Z,Fjölnir,ÍR,22,32
2012,2012-02-04T14:00:00Z,Selfoss,ÍBV,21,20
2012,2012-02-10T19:30:00Z,ÍR,Selfoss,28,28
2012,2012-02-10T19:30:00Z,Stjarnan,Fjölnir,29,19
2012,2012-02-11T13:00:00Z,ÍBV,Víkingur,21,22
2012,2012-02-17T19:30:00Z,Víkingur,ÍR,30,29
2012,2012-02-17T19:30:00Z,Fjölnir,Selfoss,19,28
2012,2012-02-18T13:00:00Z,Stjarnan,ÍBV,37,30
2012,2012-03-02T19:30:00Z,ÍR,Stjarnan,30,28
2012,2012-03-02T19:30:00Z,Selfoss,Víkingur,22,23
2012,2012-03-03T14:00:00Z,ÍBV,Fjölnir,28,18
2012,2012-03-09T19:30:00Z,Fjölnir,Víkingur,22,28
2012,2012-03-09T19:30:00Z,Selfoss,Stjarnan,28,27
2012,2012-03-10T16:00:00Z,ÍR,ÍBV,29,23
2012,2012-03-13T18:00:00Z,ÍBV,Selfoss,21,23
2012,2012-03-13T19:30:00Z,Stjarnan,Víkingur,22,21
2012,2012-03-13T19:30:00Z,ÍR,Fjölnir,29,24
2012,2012-03-16T19:30:00Z,Selfoss,ÍR,31,25
2012,2012-03-16T19:30:00Z,Fjölnir,Stjarnan,27,37
2012,2012-03-17T13:00:00Z,Víkingur,ÍBV,22,23
2012,2012-03-23T19:30:00Z,Selfoss,Fjölnir,28,16
2012,2012-03-23T19:30:00Z,ÍBV,Stjarnan,25,25
2012,2012-03-23T19:30:00Z,ÍR,Víkingur,26,20
2012,2012-03-30T19:30:00Z,Víkingur,Selfoss,25,29
2012,2012-03-30T19:30:00Z,Fjölnir,ÍBV,29,35
2012,2012-03-30T19:30:00Z,Stjarnan,ÍR,26,29
2011,2010-10-01T19:30:00Z,Stjarnan,Fjölnir,33,16
2011,2010-10-01T19:30:00Z,Víkingur,FH,26,27
2011,2010-10-01T20:30:00Z,ÍR,Grótta,25,29
2011,2010-10-02T13:00:00Z,Selfoss,ÍBV,25,26
2011,2010-10-07T19:30:00Z,Fjölnir,ÍR,19,33
2011,2010-10-08T19:30:00Z,Víkingur,Selfoss,39,28
2011,2010-10-08T20:00:00Z,FH,Grótta,27,23
2011,2010-10-09T15:00:00Z,ÍBV,Stjarnan,21,18
2011,2010-10-14T18:15:00Z,ÍR,ÍBV,30,30
2011,2010-10-15T19:30:00Z,Selfoss,FH,26,32
2011,2010-10-15T19:30:00Z,Stjarnan,Víkingur,31,21
2011,2010-10-15T19:30:00Z,Grótta,Fjölnir,27,15
2011,2010-10-21T20:30:00Z,Fjölnir,FH,26,29
2011,2010-10-22T19:30:00Z,Selfoss,Stjarnan,21,27
2011,2010-10-22T19:30:00Z,Víkingur,ÍR,29,33
2011,2010-10-23T15:00:00Z,ÍBV,Grótta,24,24
2011,2010-10-26T19:30:00Z,Grótta,Víkingur,29,28
2011,2010-10-26T19:30:00Z,Stjarnan,FH,34,26
2011,2010-10-26T19:30:00Z,ÍR,Selfoss,35,22
2011,2010-10-30T15:30:00Z,Fjölnir,ÍBV,21,31
2011,2010-11-04T19:30:00Z,Víkingur,Fjölnir,29,26
2011,2010-11-05T19:30:00Z,Stjarnan,ÍR,28,30
2011,2010-11-05T19:30:00Z,Selfoss,Grótta,23,30
2011,2010-11-06T13:00:00Z,FH,ÍBV,27,28
2011,2010-11-12T19:30:00Z,ÍR,FH,31,28
2011,2010-11-12T19:30:00Z,Grótta,Stjarnan,33,30
2011,2010-11-12T20:00:00Z,Fjölnir,Selfoss,23,27
2011,2010-11-13T13:00:00Z,ÍBV,Víkingur,29,29
2011,2010-11-18T20:00:00Z,FH,Víkingur,24,30
2011,2010-11-19T19:30:00Z,Grótta,ÍR,26,21
2011,2010-11-19T20:00:00Z,Fjölnir,Stjarnan,26,36
2011,2010-11-20T15:00:00Z,ÍBV,Selfoss,28,30
2011,2010-11-25T19:30:00Z,ÍR,Fjölnir,34,23
2011,2010-11-26T19:30:00Z,Selfoss,Víkingur,36,32
2011,2010-11-26T19:30:00Z,Grótta,FH,35,24
2011,2010-11-27T13:00:00Z,Stjarnan,ÍBV,29,20
2011,2010-12-02T19:30:00Z,Víkingur,Stjarnan,25,29
2011,2010-12-03T20:00:00Z,Fjölnir,Grótta,19,35
2011,2010-12-03T20:00:00Z,FH,Selfoss,18,20
2011,2010-12-04T13:00:00Z,ÍBV,ÍR,20,23
2011,2010-12-10T19:30:00Z,ÍR,Víkingur,31,28
2011,2010-12-10T19:30:00Z,Stjarnan,Selfoss,38,28
2011,2010-12-10T20:00:00Z,FH,Fjölnir,31,21
2011,2010-12-11T13:00:00Z,Grótta,ÍBV,29,20
2011,2011-01-29T15:00:00Z,ÍBV,Fjölnir,32,29
2011,2011-01-31T19:30:00Z,Selfoss,ÍR,33,31
2011,2011-02-01T19:30:00Z,Víkingur,Grótta,30,32
2011,2011-02-01T20:00:00Z,FH,Stjarnan,21,24
2011,2011-02-04T18:30:00Z,Fjölnir,Víkingur,29,35
2011,2011-02-04T19:00:00Z,ÍBV,FH,26,25
2011,2011-02-04T19:30:00Z,Grótta,Selfoss,39,18
2011,2011-02-04T19:30:00Z,ÍR,Stjarnan,29,28
2011,2011-02-11T19:30:00Z,Stjarnan,Grótta,22,22
2011,2011-02-11T19:30:00Z,Selfoss,Fjölnir,29,30
2011,2011-02-11T20:00:00Z,FH,ÍR,25,27
2011,2011-02-13T15:00:00Z,Víkingur,ÍBV,30,27
2011,2011-02-18T19:30:00Z,Fjölnir,Víkingur,25,35
2011,2011-02-18T19:30:00Z,ÍR,Selfoss,28,23
2011,2011-02-18T19:30:00Z,Stjarnan,FH,22,17
2011,2011-02-19T13:00:00Z,ÍBV,Grótta,24,31
2011,2011-03-04T19:30:00Z,Selfoss,Víkingur,22,20
2011,2011-03-04T19:30:00Z,Stjarnan,Fjölnir,26,27
2011,2011-03-04T19:30:00Z,Grótta,FH,32,22
2011,2011-03-05T13:00:00Z,ÍR,ÍBV,33,22
2011,2011-03-08T19:30:00Z,Víkingur,Stjarnan,20,19
2011,2011-03-08T19:30:00Z,Fjölnir,Grótta,28,46
2011,2011-03-08T19:30:00Z,ÍBV,Selfoss,25,23
2011,2011-03-08T20:00:00Z,FH,ÍR,20,35
2011,2011-03-18T18:00:00Z,ÍBV,FH,27,23
2011,2011-03-18T19:30:00Z,ÍR,Fjölnir,35,16
2011,2011-03-18T19:30:00Z,Selfoss,Stjarnan,22,27
2011,2011-03-18T19:30:00Z,Grótta,Víkingur,26,25
2011,2011-03-24T19:30:00Z,Víkingur,ÍR,26,25
2011,2011-03-25T19:30:00Z,Stjarnan,Grótta,26,21
2011,2011-03-25T20:00:00Z,FH,Selfoss,29,35
2011,2011-03-25T20:00:00Z,Fjölnir,ÍBV,23,30
2011,2011-04-01T19:30:00Z,ÍBV,Víkingur,32,22
2011,2011-04-01T19:30:00Z,Grótta,Selfoss,38,25
2011,2011-04-01T19:30:00Z,ÍR,Stjarnan,32,29
2011,2011-04-01T20:00:00Z,FH,Fjölnir,29,26
2011,2011-04-08T19:30:00Z,Stjarnan,ÍBV,30,26
2011,2011-04-08T19:30:00Z,Víkingur,FH,24,24
2011,2011-04-08T19:30:00Z,Selfoss,Fjölnir,26,27
2011,2011-04-08T19:30:00Z,Grótta,ÍR,26,24
2010,2009-10-09T20:00:00Z,Fjölnir,Selfoss,14,32
2010,2009-10-10T13:30:00Z,Afturelding,ÍBV,27,22
2010,2009-10-11T15:30:00Z,ÍR,Víkingur,30,28
2010,2009-10-16T19:30:00Z,Víkingur,Fjölnir,32,14
2010,2009-10-16T21:00:00Z,Þróttur,Afturelding,20,28
2010,2009-10-18T14:30:00Z,ÍBV,ÍR,32,25
2010,2009-10-23T19:30:00Z,Selfoss,Víkingur,22,20
2010,2009-10-24T13:30:00Z,Fjölnir,ÍBV,26,40
2010,2009-10-25T15:30:00Z,ÍR,Þróttur,33,27
2010,2009-11-03T19:30:00Z,Afturelding,ÍR,29,23
2010,2009-11-03T20:15:00Z,Þróttur,Fjölnir,20,22
2010,2009-11-06T19:30:00Z,Selfoss,Þróttur,35,22
2010,2009-11-06T20:00:00Z,Fjölnir,Afturelding,19,33
2010,2009-11-07T13:30:00Z,Víkingur,ÍBV,33,23
2010,2009-11-10T19:30:00Z,Afturelding,Selfoss,26,25
2010,2009-11-13T19:00:00Z,Þróttur,Víkingur,19,24
2010,2009-11-14T13:30:00Z,ÍBV,Selfoss,23,25
2010,2009-11-15T15:30:00Z,ÍR,Fjölnir,27,18
2010,2009-11-20T19:30:00Z,Selfoss,ÍR,32,28
2010,2009-11-20T19:30:00Z,Víkingur,Afturelding,23,23
2010,2009-11-27T19:30:00Z,Selfoss,Fjölnir,36,17
2010,2009-11-28T13:30:00Z,ÍBV,Afturelding,29,26
2010,2009-12-04T19:30:00Z,Afturelding,Þróttur,30,21
2010,2009-12-04T20:00:00Z,Fjölnir,Víkingur,19,34
2010,2009-12-05T13:30:00Z,ÍR,ÍBV,27,29
2010,2009-12-10T18:30:00Z,Þróttur,ÍR,18,32
2010,2009-12-11T19:30:00Z,Víkingur,Selfoss,30,32
2010,2009-12-19T14:00:00Z,ÍBV,Fjölnir,38,16
2010,2010-01-16T13:30:00Z,ÍBV,Þróttur,35,26
2010,2010-01-21T20:30:00Z,Fjölnir,Þróttur,28,28
2010,2010-01-22T19:30:00Z,Selfoss,ÍBV,33,29
2010,2010-01-24T15:30:00Z,ÍR,Afturelding,19,28
2010,2010-01-27T19:30:00Z,Víkingur,ÍR,25,23
2010,2010-01-29T19:30:00Z,Þróttur,Selfoss,20,44
2010,2010-01-29T19:30:00Z,Afturelding,Fjölnir,33,16
2010,2010-01-30T15:15:00Z,ÍBV,Víkingur,29,27
2010,2010-02-05T19:30:00Z,Selfoss,Afturelding,32,23
2010,2010-02-05T19:30:00Z,Víkingur,Þróttur,29,14
2010,2010-02-05T20:00:00Z,Fjölnir,ÍR,24,29
2010,2010-02-09T19:30:00Z,Afturelding,Víkingur,25,23
2010,2010-02-09T19:30:00Z,ÍR,Selfoss,30,28
2010,2010-02-14T14:00:00Z,Þróttur,ÍBV,26,27
2010,2010-02-19T19:30:00Z,Víkingur,Selfoss,27,33
2010,2010-02-19T19:30:00Z,Afturelding,Þróttur,28,18
2010,2010-02-20T13:30:00Z,ÍBV,Fjölnir,36,20
2010,2010-03-05T19:30:00Z,Selfoss,Fjölnir,34,17
2010,2010-03-05T19:30:00Z,Afturelding,Víkingur,29,25
2010,2010-03-07T16:00:00Z,Þróttur,ÍR,23,28
2010,2010-03-11T19:00:00Z,Fjölnir,Afturelding,19,32
2010,2010-03-12T19:30:00Z,Víkingur,Þróttur,39,19
2010,2010-03-13T13:30:00Z,ÍR,ÍBV,27,35
2010,2010-03-18T19:30:00Z,Selfoss,ÍR,30,21
2010,2010-03-19T19:30:00Z,Fjölnir,Víkingur,18,33
2010,2010-03-20T13:30:00Z,Þróttur,ÍBV,27,41
2010,2010-03-25T20:00:00Z,Fjölnir,Þróttur,25,24
2010,2010-03-26T19:30:00Z,ÍR,Afturelding,21,26
2010,2010-03-27T13:30:00Z,ÍBV,Selfoss,32,28
2010,2010-03-30T19:30:00Z,Afturelding,ÍBV,30,27
2010,2010-03-30T19:30:00Z,Víkingur,ÍR,28,16
2010,2010-03-30T19:30:00Z,Þróttur,Selfoss,23,31
2010,2010-04-07T19:30:00Z,Selfoss,Afturelding,27,24
2010,2010-04-07T19:30:00Z,ÍR,Fjölnir,29,25
2010,2010-04-08T19:30:00Z,ÍBV,Víkingur,33,32
